State,State Abbreviation,2019,2019 Number of Deaths,2018,2018 Number of Deaths,2017,2017 Number of Deaths,2016,2016 Number of Deaths,2015,2015 Number of Deaths,2014,2014 Number of Deaths,2013,2013 Number of Deaths,2019 Poverty rate (percent of persons in poverty),Gini coefficient of income inequality,GDP per capita 2021,GDP (nominal in millions of USD),2021 Urban population as a percentage of the total population in 2010,Population density per km≤,Population,Land Area (km≤),ssp_does state allow,_citation_ssp_does state allow,_caution_ssp_does state allow,ssp_how remove barriers,_citation_ssp_how remove barriers,_caution_ssp_how remove barriers,ssp_residue,_citation_ssp_residue,_caution_ssp_residue,ssp_does state authorize,_citation_ssp_does state authorize,_caution_ssp_does state authorize,ssp_local approval,_citation_ssp_local approval,_caution_ssp_local approval,ssp_law enforcement consulted,_citation_ssp_law enforcement consulted,_caution_ssp_law enforcement consulted,ssp_one for one,_citation_ssp_one for one,_caution_ssp_one for one,ssp_direct exchange,_citation_ssp_direct exchange,_caution_ssp_direct exchange,ssp_services required provided,_citation_ssp_services required provided,_caution_ssp_services required provided,ssp_services required referral,_citation_ssp_services required referral,_caution_ssp_services required referral,ssp_allow possession,_citation_ssp_allow possession,_caution_ssp_allow possession,ssp_how allow possession,_citation_ssp_how allow possession,_caution_ssp_how allow possession,ssp_paraph law,_citation_ssp_paraph law,_caution_ssp_paraph law,ssp_included drug paraph,_citation_ssp_included drug paraph,_caution_ssp_included drug paraph,ssp_NASEN,_citation_ssp_NASEN,_caution_ssp_NASEN,HIV_screening,Educational_services,Disposal_services,Drug_abuse_treatment_services,Hepatitis_screening,Naloxone_services
alabama,AL,16.3,768,16.6,775,18,835,16.2,756,15.7,736,15.2,723,12.7,598,15.5,0.4847,48475,243555,59,37.04339944,4858979,131169.9,0,None,NA,NA,NA,NA,NA,NA,NA,0,NA,NA,NA,NA,NA,NA,NA,NA,NA,NA,NA,NA,NA,NA,NA,NA,NA,NA,NA,NA,0,NA,NA,NA,NA,NA,1,"Drug Paraphernalia - Ala. Code Â§ 13A-12-260(a) ( Full Title: Ala. Code Â§ 13A-12-260 Drug paraphernalia; use or possession; delivery or sale; forfeiture), possess drug para - Ala. Code Â§ 13A-12-260 ( Full Title: Ala. Code Â§ 13A-12-260 Drug paraphernalia; use or possession; delivery or sale; forfeiture)",NA,"Syringes, Injecting",Syringes - Ala. Code Â§ 13A-12-260(a)(11) ( Full Title: Ala. Code Â§ 13A-12-260 Drug paraphernalia; use or possession; delivery or sale; forfeiture),NA,0,ssp state resource list - SSP State Resource List ( Full Title: SSP State Resource List),NA,0,0,0,0,0,0
alaska,AK,17.8,132,14.6,110,20.2,147,16.8,128,16,122,16.8,124,14.4,105,10.1,0.4081,69336,54020,66,0.49963145,738432,1477953.4,1,No Explicit Prohibition - Alaska Stat. Â§ 11.71.040 ( Full Title: Alaska Stat. Â§ 11.71.040. Misconduct involving a controlled substance in the third degree),NA,State has no drug paraphernalia law,No Explicit Prohibition - Alaska Stat. Â§ 11.71.040 ( Full Title: Alaska Stat. Â§ 11.71.040. Misconduct involving a controlled substance in the third degree),NA,0,NA,NA,0,NA,NA,NA,NA,NA,NA,NA,NA,NA,NA,NA,NA,NA,NA,NA,NA,NA,NA,NA,NA,1,No Explicit Prohibition - Alaska Stat. Â§ 11.71.040 ( Full Title: Alaska Stat. Â§ 11.71.040. Misconduct involving a controlled substance in the third degree),NA,State has no law regarding drug paraphernalia,No Explicit Prohibition - Alaska Stat. Â§ 11.71.040 ( Full Title: Alaska Stat. Â§ 11.71.040. Misconduct involving a controlled substance in the third degree),NA,0,NA,NA,NA,NA,NA,1,ssp state resource list - SSP State Resource List ( Full Title: SSP State Resource List),NA,0,0,0,0,0,0
arizona,AZ,26.8,1907,23.8,1670,22.2,1532,20.3,1382,19,1274,18.2,1211,18.7,1222,13.5,0.4713,55954,400156,89.8,23.20836241,6828065,294207.1,0,None,NA,NA,NA,NA,NA,NA,NA,0,NA,NA,NA,NA,NA,NA,NA,NA,NA,NA,NA,NA,NA,NA,NA,NA,NA,NA,NA,NA,0,NA,NA,NA,NA,NA,1,"possess drug para - AZ Statute 13-3415 ( Full Title: AZ Statute 13-3415 Possession, manufacture, delivery and advertisement of drug paraphernalia; definitions; violation; classification; civil forfeiture; factors)",NA,"Syringes, Injecting","Drug Paraphernalia - AZ Statute 13-3415(F)(2) ( Full Title: AZ Statute 13-3415 Possession, manufacture, delivery and advertisement of drug paraphernalia; definitions; violation; classification; civil forfeiture; factors)",NA,1,ssp state resource list - SSP State Resource List ( Full Title: SSP State Resource List),NA,0,0,0,0,0,0
arkansas,AR,13.5,388,15.7,444,15.5,446,14,401,13.8,392,12.6,356,11.1,319,16.2,0.4719,47629,143438,56.2,22.09841953,2978204,134770,1,illegal drug paraphernalia business - Ark. Code  Â§5-64-802 ( Full Title: Ark. Code  Â§5-64-802. Illegal drug paraphernalia business.),NA,State law does not prohibit the free distribution of drug paraphernalia,illegal drug paraphernalia business - Ark. Code  Â§5-64-802 ( Full Title: Ark. Code  Â§5-64-802. Illegal drug paraphernalia business.),NA,0,NA,NA,0,NA,NA,NA,NA,NA,NA,NA,NA,NA,NA,NA,NA,NA,NA,NA,NA,NA,NA,NA,NA,0,NA,NA,NA,NA,NA,1,possession - Ark. Code Â§ 5-64-443 ( Full Title: Ark. Code Â§ 5-64-443 Drug paraphernalia),NA,"Syringes, Injecting","Drug Paraphernalia - Ark. Code Â§5-64-101(12)(A) ( Full Title: Ark. Code Â§5-64-101 Definitions), Syringe - Ark. Code Â§5-64-101(12)(B)(xi) ( Full Title: Ark. Code Â§5-64-101 Definitions)",NA,0,ssp state resource list - SSP State Resource List ( Full Title: SSP State Resource List),"Secondary sources identify SSP in operation, but no state government or SSP website could be found to confirm existence of SSP.",0,0,0,0,0,0
california,CA,15,6198,12.8,5348,11.7,4868,11.2,4654,11.3,4659,11.1,4521,11.1,4452,11.8,0.4899,83213,3290170,95,96.90942535,39144818,403932,1,"Syringe Exchange Authorization - General - CA Statute Â§ 121349(b) ( Full Title: CA Statute Â§ 121349. Legislative findings and declarations; authorization for clean needle and syringe exchange project; application; duration; minimum standards; public comment prior to approval; address and contact information of programs maintained on departmentâs Internet Web site), Syringe Exception - Physician - CA Bus & Prof Code Â§ 4145.5(b) ( Full Title: CA Bus & Prof Code Â§ 4145.5 Furnishing for human use without a prescription or license; furnishing as public health measure; furnishing for use on animals; storage; disposal options; consumer information)",NA,Syringe exchange is explicitly authorized by state law,"Syringe Exchange Authorization - General - CA Statute Â§ 121349(b) ( Full Title: CA Statute Â§ 121349. Legislative findings and declarations; authorization for clean needle and syringe exchange project; application; duration; minimum standards; public comment prior to approval; address and contact information of programs maintained on departmentâs Internet Web site), Syringe Exception - Physician - CA Bus & Prof Code Â§ 4145.5(b) ( Full Title: CA Bus & Prof Code Â§ 4145.5 Furnishing for human use without a prescription or license; furnishing as public health measure; furnishing for use on animals; storage; disposal options; consumer information)",NA,0,NA,NA,1,Syringe Exchange Authorization - General - CA Statute Â§ 121349(b) ( Full Title: CA Statute Â§ 121349. Legislative findings and declarations; authorization for clean needle and syringe exchange project; application; duration; minimum standards; public comment prior to approval; address and contact information of programs maintained on departmentâs Internet Web site),NA,1,"Syringe Exchange Authorization - General - CA Statute Â§ 121349(b) ( Full Title: CA Statute Â§ 121349. Legislative findings and declarations; authorization for clean needle and syringe exchange project; application; duration; minimum standards; public comment prior to approval; address and contact information of programs maintained on departmentâs Internet Web site), Syringe Exchange Authorization - Through Application - CA Statute Â§ 121349(c) ( Full Title: CA Statute Â§ 121349. Legislative findings and declarations; authorization for clean needle and syringe exchange project; application; duration; minimum standards; public comment prior to approval; address and contact information of programs maintained on departmentâs Internet Web site)",NA,1,"Syringe Exchange Authorization - General - CA Statute Â§ 121349(b) ( Full Title: CA Statute Â§ 121349. Legislative findings and declarations; authorization for clean needle and syringe exchange project; application; duration; minimum standards; public comment prior to approval; address and contact information of programs maintained on departmentâs Internet Web site), Syringe Exchange Authorization - Through Application - CA Statute Â§ 121349(c) ( Full Title: CA Statute Â§ 121349. Legislative findings and declarations; authorization for clean needle and syringe exchange project; application; duration; minimum standards; public comment prior to approval; address and contact information of programs maintained on departmentâs Internet Web site)",NA,0,NA,NA,0,NA,NA,None,NA,NA,"Drug abuse treatment services, HIV screening, Hepatitis screening, Sexually transmitted infections screening, Housing services, Educational services, Disposal services","Services - CA Statute Â§ 121349(d) ( Full Title: CA Statute Â§ 121349. Legislative findings and declarations; authorization for clean needle and syringe exchange project; application; duration; minimum standards; public comment prior to approval; address and contact information of programs maintained on departmentâs Internet Web site), Services Regulations - Cal. Code Regs. Tit. 17 Â§ 7002(a)(3) ( Full Title: Cal. Code Regs. Tit. 17 Â§ 7002. Application Requirements for SEP Certification.), Services Regulations 2 - Cal. Code Regs. Tit. 17 Â§ 7002(a)(5) ( Full Title: Cal. Code Regs. Tit. 17 Â§ 7002. Application Requirements for SEP Certification.)",NA,1,Syringe Exception - CA Health & Safety Code Â§ 11364(c) ( Full Title: CA Health & Safety Code Â§ 11364. Opium pipes; instruments for injecting or smoking controlled substances; exceptions for safe disposal and personal use),NA,Law exempts SSP participants,Syringe Exception - CA Health & Safety Code Â§ 11364(c) ( Full Title: CA Health & Safety Code Â§ 11364. Opium pipes; instruments for injecting or smoking controlled substances; exceptions for safe disposal and personal use),NA,1,possession - CA Health & Safety C... ( Full Title: CA Health & Safety Code Â§ 11364. Opium pipes; instruments for injecting or smoking controlled substances; exceptions for safe disposal and personal use),NA,"Syringes, Injecting",Drug Paraphernalia - CA Health & Safety Code Â§ 11014.5(a) ( Full Title: CA Health & Safety Code Â§ 11014.5. Drug paraphernalia),NA,1,ssp state resource list - SSP State Resource List ( Full Title: SSP State Resource List),NA,0,0,0,0,0,0
colorado,CO,18,1079,16.8,995,17.6,1015,16.6,942,15.4,869,16.3,899,15.5,846,9.3,0.4586,72212,416937,86.2,20.32762176,5456574,268431.5,1,Syringe Exchange Authorization - Colo. Rev. Stat. Â§ 25-1-520(1) ( Full Title: Colo. Rev. Stat. Â§ 25-1-520 Clean syringe exchange programs--approval--reporting requirements),NA,Syringe exchange is explicitly authorized by state law,Syringe Exchange Authorization - Colo. Rev. Stat. Â§ 25-1-520(1) ( Full Title: Colo. Rev. Stat. Â§ 25-1-520 Clean syringe exchange programs--approval--reporting requirements),NA,1,Residue - Colo. Rev. Stat. Â§ 18-18-403.5(3) ( Full Title: Colo. Rev. Stat. Â§ 18-18-403.5 Unlawful possession of a controlled substance),NA,1,Syringe Exchange Authorization - Colo. Rev. Stat. Â§ 25-1-520(1) ( Full Title: Colo. Rev. Stat. Â§ 25-1-520 Clean syringe exchange programs--approval--reporting requirements),NA,1,Syringe Exchange Authorization - Colo. Rev. Stat. Â§ 25-1-520(1) ( Full Title: Colo. Rev. Stat. Â§ 25-1-520 Clean syringe exchange programs--approval--reporting requirements),NA,1,Syringe Exchange Authorization - Colo. Rev. Stat. Â§ 25-1-520(1) ( Full Title: Colo. Rev. Stat. Â§ 25-1-520 Clean syringe exchange programs--approval--reporting requirements),NA,0,NA,NA,0,NA,NA,"HIV screening, Hepatitis screening, Educational services",Services - Colo. Rev. Stat. Â§ 25-1-520(2) ( Full Title: Colo. Rev. Stat. Â§ 25-1-520 Clean syringe exchange programs--approval--reporting requirements),NA,Drug abuse treatment services,Services - Colo. Rev. Stat. Â§ 25-1-520(2) ( Full Title: Colo. Rev. Stat. Â§ 25-1-520 Clean syringe exchange programs--approval--reporting requirements),NA,1,Syringe Exception - Colo. Rev. Stat. Â§ 18-18-430.5 ( Full Title: Colo. Rev. Stat. Â§ 18-18-430.5 Drug paraphernaliaâexemption),NA,"Law exempts SSP participants, Law provides immunity for individuals who disclose possession of syringes to police officers prior to search","Syringe Exception - Colo. Rev. Stat. Â§ 18-18-430.5 ( Full Title: Colo. Rev. Stat. Â§ 18-18-430.5 Drug paraphernaliaâexemption), Disclosure and Residue - Colo. Rev. Stat. Â§ 18-18-428(1)(b) ( Full Title: Colo. Rev. Stat. Â§ 18-18-428 Possession of drug paraphernaliaâpenalty)",NA,1,Paraphernalia Possession - Colo. Rev. Stat. Â§ 18-18-428 ( Full Title: Colo. Rev. Stat. Â§ 18-18-428 Possession of drug paraphernaliaâpenalty),NA,Injecting,Drug Paraphernalia - Colo. Rev. Stat. Â§ 18-18-426(1) ( Full Title: Colo. Rev. Stat. Â§ 18-18-426 Drug paraphernalia--definitions),NA,1,ssp state resource list - SSP State Resource List ( Full Title: SSP State Resource List),NA,1,1,0,0,1,0
connecticut,CT,34.7,1214,30.7,1069,30.9,1072,27.4,971,22.1,800,17.6,623,16,582,10,0.4945,81712,294649,88,286.3385616,3590886,12540.7,1,"Syringe Exchange Authorization - Conn. Gen. Stat. Â§ 19a-124(a) ( Full Title: Conn. Gen. Stat. Â§ 19a-124 Needle and syringe exchange programs.), Drug Paraphernalia - Conn. Gen. Stat. Â§ 21a-240(20)(A) ( Full Title: Conn. Gen. Stat. Â§ 21a-240 Definitions.)",NA,"Syringe exchange is explicitly authorized by state law, The definition of drug paraphernalia does not refer to objects used for injecting drugs","Drug Paraphernalia - Conn. Gen. Stat. Â§ 21a-240(20)(A) ( Full Title: Conn. Gen. Stat. Â§ 21a-240 Definitions.), Syringe Exchange Authorization - Conn. Gen. Stat. Â§ 19a-124(a) ( Full Title: Conn. Gen. Stat. Â§ 19a-124 Needle and syringe exchange programs.)",NA,0,NA,NA,1,Syringe Exchange Authorization - Conn. Gen. Stat. Â§ 19a-124(a) ( Full Title: Conn. Gen. Stat. Â§ 19a-124 Needle and syringe exchange programs.),NA,0,NA,NA,0,NA,NA,0,NA,NA,0,NA,NA,"Educational services, Disposal services",Services - Conn. Gen. Stat. Â§ 19a-124(b) ( Full Title: Conn. Gen. Stat. Â§ 19a-124 Needle and syringe exchange programs.),NA,Drug abuse treatment services,Services - Conn. Gen. Stat. Â§ 19a-124(b) ( Full Title: Conn. Gen. Stat. Â§ 19a-124 Needle and syringe exchange programs.),NA,1,"Syringe Exchange Authorization - Conn. Gen. Stat. Â§ 19a-124(a) ( Full Title: Conn. Gen. Stat. Â§ 19a-124 Needle and syringe exchange programs.), doe - Doe v. Bridgeport Po... ( Full Title: Doe v. Bridgeport Police Department, 198 F.R.D. 325)","Connecticut ruled in Doe v. Bridgeport Police Department, 198 F.R.D. 325 (D. Conn. 2001) that syringes acquired from a syringe exchange program are exempt for the drug paraphernalia possession law.","Law exempts SSP participants, The definition of drug paraphernalia does not refer to objects used for injecting drugs","Syringe Exchange Authorization - Conn. Gen. Stat. Â§ 19a-124(a) ( Full Title: Conn. Gen. Stat. Â§ 19a-124 Needle and syringe exchange programs.), doe - Doe v. Bridgeport Po... ( Full Title: Doe v. Bridgeport Police Department, 198 F.R.D. 325), Drug Paraphernalia - Conn. Gen. Stat. Â§ 21a-240(20)(A) ( Full Title: Conn. Gen. Stat. Â§ 21a-240 Definitions.)","Connecticut ruled in Doe v. Bridgeport Police Department, 198 F.R.D. 325 (D. Conn. 2001) that syringes acquired from a syringe exchange program are exempt for the drug paraphernalia possession law.",1,Drug Paraphernalia - Conn. Gen. Stat. Â§ 21a-240(20)(A) ( Full Title: Conn. Gen. Stat. Â§ 21a-240 Definitions.),NA,Objects used for injecting drugs are not included in the definition of drug paraphernalia,Drug Paraphernalia - Conn. Gen. Stat. Â§ 21a-240(20)(A) ( Full Title: Conn. Gen. Stat. Â§ 21a-240 Definitions.),NA,1,ssp state resource list - SSP State Resource List ( Full Title: SSP State Resource List),NA,0,1,1,0,0,0
delaware,DE,48,435,43.8,401,37,338,30.8,282,22,198,20.9,189,18.7,166,11.3,0.4522,80087,79282,83.3,187.3915886,945934,5047.9,1,"syringe exchange program - Del. Code tit. 29, Â§ 7991 ( Full Title: Del. Code tit. 29, Â§ 7991 Establishment of Program)",NA,Syringe exchange is explicitly authorized by state law,"syringe exchange program - Del. Code tit. 29, Â§ 7991 ( Full Title: Del. Code tit. 29, Â§ 7991 Establishment of Program)",NA,0,NA,NA,1,"syringe exchange program - Del. Code tit. 29, Â§ 7991 ( Full Title: Del. Code tit. 29, Â§ 7991 Establishment of Program)",NA,0,NA,NA,0,NA,NA,1,"1 for 1 exchange - Del. Code tit. 29, Â§ 7992 ( Full Title: Del. Code tit. 29, Â§ 7992 Operation of the Program)",NA,1,"redistrubution - Del. Code tit. 29, Â§ 7993 ( Full Title: Del. Code tit. 29, Â§ 7993 Criminal liability)",NA,"HIV screening, Educational services, Disposal services","included services - Del. Code tit. 29, Â§ 7992 ( Full Title: Del. Code tit. 29, Â§ 7992 Operation of the Program), security measures - Del. Code tit. 29, Â§ 7992 ( Full Title: Del. Code tit. 29, Â§ 7992 Operation of the Program)",NA,Drug abuse treatment services,"included services - Del. Code tit. 29, Â§ 7992 ( Full Title: Del. Code tit. 29, Â§ 7992 Operation of the Program)",NA,1,"exemptions - Del. Code tit. 29, Â§ 7993 ( Full Title: Del. Code tit. 29, Â§ 7993 Criminal liability)",NA,Law exempts SSP participants,"exemptions - Del. Code tit. 29, Â§ 7993 ( Full Title: Del. Code tit. 29, Â§ 7993 Criminal liability)",NA,1,"Drug paraphernalia definition - Del. Code tit. 16, Â§ 4701 ( Full Title: Del. Code tit. 16, Â§ 4701 Definitions)",NA,"Syringes, Injecting","Drug paraphernalia definition - Del. Code tit. 16, Â§ 4701 ( Full Title: Del. Code tit. 16, Â§ 4701 Definitions)",NA,1,ssp state resource list - SSP State Resource List ( Full Title: SSP State Resource List),NA,1,1,1,0,0,0
district of columbia,DC,43.2,311,35.4,254,NA,NA,NA,NA,NA,NA,14.2,96,15,102,13.5,0.542,219550,151390,100,4254.607595,672228,158,1,Syringe Exchange Program Authorization and Services - D.C. Code Â§ 48-1103-01(a) ( Full Title: D.C. Code Â§ 48-1103-01 Needle Exchange Program.),NA,Syringe exchange is explicitly authorized by state law,Syringe Exchange Program Authorization and Services - D.C. Code Â§ 48-1103-01(a) ( Full Title: D.C. Code Â§ 48-1103-01 Needle Exchange Program.),NA,0,NA,NA,1,Syringe Exchange Program Authorization and Services - D.C. Code Â§ 48-1103-01(a) ( Full Title: D.C. Code Â§ 48-1103-01 Needle Exchange Program.),NA,0,NA,NA,0,NA,NA,0,NA,NA,0,NA,NA,"Drug abuse treatment services, Educational services",Syringe Exchange Program Authorization and Services - D.C. Code Â§ 48-1103-01(a) ( Full Title: D.C. Code Â§ 48-1103-01 Needle Exchange Program.),NA,"Drug abuse treatment services, HIV screening",Syringe Exchange Program Authorization and Services - D.C. Code Â§ 48-1103-01(a) ( Full Title: D.C. Code Â§ 48-1103-01 Needle Exchange Program.),NA,1,Syringe - Exception - D.C. Code Â§ 48-1103-01(d) ( Full Title: D.C. Code Â§ 48-1103-01 Needle Exchange Program.),NA,Law exempts SSP participants,Syringe - Exception - D.C. Code Â§ 48-1103-01(d) ( Full Title: D.C. Code Â§ 48-1103-01 Needle Exchange Program.),NA,1,drug paraphernalia - D.C. Code Â§ 48-1101 ( Full Title: D.C. Code Â§ 48-1101 Definitions),NA,"Syringes, Injecting",drug paraphernalia - D.C. Code Â§ 48-1101 ( Full Title: D.C. Code Â§ 48-1101 Definitions),NA,1,ssp state resource list - SSP State Resource List ( Full Title: SSP State Resource List),NA,0,1,0,1,0,0
florida,FL,25.5,5268,22.8,4698,25.1,5088,23.7,4728,16.2,3228,13.2,2634,12.6,2474,12.7,0.4852,55664,1198913,91.2,145.9539874,20271272,138888.1,1,Syringe Exchange Authorization - Fla. Stat. Â§ 381.0038(4) ( Full Title: Fla. Stat. Â§ 381.0038 Education; sterile needle and syringe exchange pilot program),NA,Syringe exchange is explicitly authorized by state law,Syringe Exchange Authorization - Fla. Stat. Â§ 381.0038(4) ( Full Title: Fla. Stat. Â§ 381.0038 Education; sterile needle and syringe exchange pilot program),NA,0,NA,NA,1,Syringe Exchange Authorization - Fla. Stat. Â§ 381.0038(4) ( Full Title: Fla. Stat. Â§ 381.0038 Education; sterile needle and syringe exchange pilot program),NA,1,Local Government - Fla. Stat. Â§ 381.0038(4)(a) ( Full Title: Fla. Stat. Â§ 381.0038 Education; sterile needle and syringe exchange pilot program),NA,0,NA,NA,1,One-For-One - Fla. Stat. Â§ 381.0038(4)(b)(3) ( Full Title: Fla. Stat. Â§ 381.0038 Education; sterile needle and syringe exchange pilot program),NA,1,Direct Exchange - Fla. Stat. Â§ 381.0038(7)(d) ( Full Title: Fla. Stat. Â§ 381.0038 Education; sterile needle and syringe exchange pilot program),NA,"Educational services, Disposal services","Services - Fla. Stat. Â§ 381.0038(4-6) ( Full Title: Fla. Stat. Â§ 381.0038 Education; sterile needle and syringe exchange pilot program), Disposal - Fla. Stat. Â§ 381.0038(b)(2) ( Full Title: Fla. Stat. Â§ 381.0038 Education; sterile needle and syringe exchange pilot program)",NA,"Drug abuse treatment services, HIV screening, Hepatitis screening, Naloxone services",Services - Fla. Stat. Â§ 381.0038(4-6) ( Full Title: Fla. Stat. Â§ 381.0038 Education; sterile needle and syringe exchange pilot program),NA,1,Syringe - Exception - Fla. Stat. Â§ 381.0038(4)(c) ( Full Title: Fla. Stat. Â§ 381.0038 Education; sterile needle and syringe exchange pilot program),NA,Law exempts SSP participants,Syringe - Exception - Fla. Stat. Â§ 381.0038(4)(c) ( Full Title: Fla. Stat. Â§ 381.0038 Education; sterile needle and syringe exchange pilot program),NA,1,"Paraphernalia - Fla. Stat. Â§893.145 ( Full Title: Fla. Stat. Â§893.145 ""Drug paraphernalia"" defined), Syringe - Fla. Stat. Â§893.145 (11) ( Full Title: Fla. Stat. Â§893.145 ""Drug paraphernalia"" defined)",NA,"Syringes, Injecting","Syringe - Fla. Stat. Â§893.145 (11) ( Full Title: Fla. Stat. Â§893.145 ""Drug paraphernalia"" defined)",NA,1,ssp state resource list - SSP State Resource List ( Full Title: SSP State Resource List),NA,0,1,1,0,0,0
georgia,GA,13.1,1408,13.2,1404,14.7,1537,13.3,1394,12.7,1302,11.9,1206,10.8,1098,13.3,0.4813,62833,673072,75.1,68.57543737,10214860,148958,1,Syringe Services Program - Ga. Code Â§ 16-13-32(c) ( Full Title: Ga. Code Â§ 16-13-32 Transactions in drug related objects prohibited),NA,Syringe exchange is explicitly authorized by state law,Syringe Services Program - Ga. Code Â§ 16-13-32(c) ( Full Title: Ga. Code Â§ 16-13-32 Transactions in drug related objects prohibited),NA,0,NA,NA,1,Syringe Services Program - Ga. Code Â§ 16-13-32(c) ( Full Title: Ga. Code Â§ 16-13-32 Transactions in drug related objects prohibited),NA,0,NA,NA,0,NA,NA,0,NA,NA,0,NA,NA,"Drug abuse treatment services, HIV screening, Hepatitis screening, Tuberculosis screening, Sexually transmitted infections screening, Educational services, Naloxone services",Syringe Services Program - Ga. Code Â§ 16-13-32(c) ( Full Title: Ga. Code Â§ 16-13-32 Transactions in drug related objects prohibited),NA,"Drug abuse treatment services, HIV screening, Hepatitis screening, Sexually transmitted infections screening, Tuberculosis screening",Syringe Services Program - Ga. Code Â§ 16-13-32(c) ( Full Title: Ga. Code Â§ 16-13-32 Transactions in drug related objects prohibited),NA,0,NA,NA,NA,NA,NA,1,Drug Related Object - Definition - Ga. Code Â§ 16-13-32(a)(1) ( Full Title: Ga. Code Â§ 16-13-32 Transactions in drug related objects prohibited),NA,Injecting,Drug Related Object - Definition - Ga. Code Â§ 16-13-32(a)(1) ( Full Title: Ga. Code Â§ 16-13-32 Transactions in drug related objects prohibited),NA,1,ssp state resource list - SSP State Resource List ( Full Title: SSP State Resource List),NA,1,1,0,1,1,1
hawaii,HI,15.9,242,14.3,213,13.8,203,12.8,191,11.3,169,10.9,157,11,158,9.3,0.442,61616,89661,91.9,86.05710679,1431603,16635.5,1,Syringe Exchange Program - Authorization - Haw. Rev. Stat. Â§325-112 ( Full Title: Haw. Rev. Stat. Â§325-112 Sterile needle and syringe exchange program established),NA,Syringe exchange is explicitly authorized by state law,Syringe Exchange Program - Authorization - Haw. Rev. Stat. Â§325-112 ( Full Title: Haw. Rev. Stat. Â§325-112 Sterile needle and syringe exchange program established),NA,0,NA,NA,1,Syringe Exchange Program - Authorization - Haw. Rev. Stat. Â§325-112 ( Full Title: Haw. Rev. Stat. Â§325-112 Sterile needle and syringe exchange program established),NA,0,NA,NA,0,NA,NA,1,One-For-One - Haw. Rev. Stat. Â§325-113(b) ( Full Title: Haw. Rev. Stat. Â§325-113 Operation of the program),NA,0,NA,NA,Educational services,Services - Haw. Rev. Stat. Â§325-113(f) ( Full Title: Haw. Rev. Stat. Â§325-113 Operation of the program),NA,Drug abuse treatment services,Services - Haw. Rev. Stat. Â§325-113(f) ( Full Title: Haw. Rev. Stat. Â§325-113 Operation of the program),NA,1,Syringe - Exception - Haw. Rev. Stat. Â§ 325-114(a) ( Full Title: Haw. Rev. Stat. Â§ 325-114 Criminal liability),NA,Law exempts SSP participants,Syringe - Exception - Haw. Rev. Stat. Â§ 325-114(a) ( Full Title: Haw. Rev. Stat. Â§ 325-114 Criminal liability),NA,1,"Paraphernalia - Haw. Rev. Stat. Â§329-1 ( Full Title: Haw. Rev. Stat. Â§329-1 Definitions), Syringe - Haw. Rev. Stat. Â§329-1(11) ( Full Title: Haw. Rev. Stat. Â§329-1 Definitions)",NA,"Syringes, Injecting","Syringe - Haw. Rev. Stat. Â§329-1(11) ( Full Title: Haw. Rev. Stat. Â§329-1 Definitions), Paraphernalia - Haw. Rev. Stat. Â§329-1 ( Full Title: Haw. Rev. Stat. Â§329-1 Definitions)",NA,1,ssp state resource list - SSP State Resource List ( Full Title: SSP State Resource List),NA,0,1,0,0,0,0
idaho,ID,15.1,265,14.6,250,14.4,236,15.2,243,14.2,218,13.7,212,13.4,207,11.2,0.4503,50187,92300,70.6,7.731713607,1654930,214044.4,1,Syringe Exchange Program - Authorization - Idaho Code Â§ 37-3404(1)(a) ( Full Title: Idaho Code Â§ 37-3404 Syringe and needle exchange program),NA,Syringe exchange is explicitly authorized by state law,Syringe Exchange Program - Authorization - Idaho Code Â§ 37-3404(1)(a) ( Full Title: Idaho Code Â§ 37-3404 Syringe and needle exchange program),NA,0,NA,NA,1,Syringe Exchange Program - Authorization - Idaho Code Â§ 37-3404(1)(a) ( Full Title: Idaho Code Â§ 37-3404 Syringe and needle exchange program),NA,0,NA,NA,0,NA,NA,0,NA,NA,0,NA,NA,Educational services,Services - Idaho Code Â§ 37-3404(2) ( Full Title: Idaho Code Â§ 37-3404 Syringe and needle exchange program),NA,"Drug abuse treatment services, HIV screening, Hepatitis screening, Naloxone services",Services - Idaho Code Â§ 37-3404(2) ( Full Title: Idaho Code Â§ 37-3404 Syringe and needle exchange program),NA,0,NA,NA,NA,NA,NA,1,"Paraphernalia - Idaho Code Â§ 37-2701(n) ( Full Title: Idaho Code Â§ 37-2701 Definitions), Syringe - Idaho Code Â§ 37-2701(n)(11) ( Full Title: Idaho Code Â§ 37-2701 Definitions)",NA,"Syringes, Injecting",Syringe - Idaho Code Â§ 37-2701(n)(11) ( Full Title: Idaho Code Â§ 37-2701 Definitions),NA,0,ssp state resource list - SSP State Resource List ( Full Title: SSP State Resource List),NA,0,1,0,0,0,0
illinois,IL,21.9,2790,21.3,2722,21.6,2778,18.9,2411,14.1,1835,13.1,1705,12.1,1579,11.5,0.481,73226,938216,88.5,89.43377135,12859995,143793.5,1,"Syringe Exchange Authorization - 20 Ill. Comp. Stat ,2310/2310-252(a) ( Full Title: 20 Ill. Comp. Stat ,2310/2310-252 Guidelines for Needle Disposal; Education)",NA,Syringe exchange is explicitly authorized by state law,"Syringe Exchange Authorization - 20 Ill. Comp. Stat ,2310/2310-252(a) ( Full Title: 20 Ill. Comp. Stat ,2310/2310-252 Guidelines for Needle Disposal; Education)",NA,0,NA,NA,1,"Syringe Exchange Authorization - 20 Ill. Comp. Stat ,2310/2310-252(a) ( Full Title: 20 Ill. Comp. Stat ,2310/2310-252 Guidelines for Needle Disposal; Education)",NA,0,NA,NA,0,NA,NA,0,NA,NA,0,NA,NA,None,NA,NA,None,NA,NA,1,"Syringe Exception - 720 Ill. Comp. Stat. 600/3.5(a) ( Full Title: 720 Ill. Comp. Stat. 600/3.5 Possession of drug paraphernalia), presa - People v. Presa, 201... ( Full Title: People v. Presa, 2014 IL App (3d))","Appellate Court of Illinois ruled that SSP participants are engaged in ""scientific research and are thus legally authorized to possess syringes.  People v. Presa, 2014 IL App (3d) 130255 (2014).",Law exempts SSP participants,"Syringe Exception - 720 Ill. Comp. Stat. 600/3.5(a) ( Full Title: 720 Ill. Comp. Stat. 600/3.5 Possession of drug paraphernalia), presa - People v. Presa, 201... ( Full Title: People v. Presa, 2014 IL App (3d))","Appellate Court of Illinois ruled that SSP participants are engaged in ""scientific research and are thus legally authorized to possess syringes.  People v. Presa, 2014 IL App (3d) 130255 (2014).",1,Drug Paraphernalia - 720 Ill. Comp. Stat. 600/2(d) ( Full Title: 720 Ill. Comp. Stat. 600/2 Definitions),NA,Injecting,Drug Paraphernalia - 720 Ill. Comp. Stat. 600/2(d) ( Full Title: 720 Ill. Comp. Stat. 600/2 Definitions),NA,1,ssp state resource list - SSP State Resource List ( Full Title: SSP State Resource List),NA,0,0,0,0,0,0
indiana,IN,26.6,1699,25.6,1629,29.4,1852,24,1526,19.5,1245,18.2,1172,16.6,1064,11.9,0.4527,61210,415344,72.4,71.3412919,6619680,92788.9,1,"program means - Ind. Code Â§ 16-41-7.5-2 â ( Full Title: Ind. Code Â§ 16-41-7.5-2 âProgramâ defined), qualified entity - Ind. Code Â§ 16-41-7.5-5 ( Full Title: Ind. Code Â§ 16-41-7.5-5 Requirements for county prior to operation of program), exceptions to dealing - Ind. Code Â§ 35-48-4-8.5 ( Full Title: Ind. Code Â§ 35-48-4-8.5 Dealing in Paraphernalia), paraphernalia - Ind. Code Â§ 35-48-4-8.5 ( Full Title: Ind. Code Â§ 35-48-4-8.5 Dealing in Paraphernalia)",NA,"Syringe exchange is explicitly authorized by state law, The definition of drug paraphernalia does not refer to objects used for injecting drugs","paraphernalia - Ind. Code Â§ 35-48-4-8.5 ( Full Title: Ind. Code Â§ 35-48-4-8.5 Dealing in Paraphernalia), exceptions to dealing - Ind. Code Â§ 35-48-4-8.5 ( Full Title: Ind. Code Â§ 35-48-4-8.5 Dealing in Paraphernalia), program means - Ind. Code Â§ 16-41-7.5-2 â ( Full Title: Ind. Code Â§ 16-41-7.5-2 âProgramâ defined)",Authorization for a syringe exchange is predicated on the declaration of a public health emergency in that county or municipality .Ind. Code Â§ 16-41-7.5-4,0,NA,NA,1,program means - Ind. Code Â§ 16-41-7.5-2 â ( Full Title: Ind. Code Â§ 16-41-7.5-2 âProgramâ defined),NA,1,governmental body - Ind. Code Â§ 16-41-7.5-4 ( Full Title: Ind. Code Â§ 16-41-7.5-4 Operation of program; public health emergency; requirements),NA,0,NA,NA,0,NA,NA,0,NA,NA,"Educational services, Disposal services",qualified entity requirements - Ind. Code Â§ 16-41-7.5-6 ( Full Title: Ind. Code Â§ 16-41-7.5-6 Requirements of a qualified entity operating a program),NA,Drug abuse treatment services,qualified entity requirements - Ind. Code Â§ 16-41-7.5-6 ( Full Title: Ind. Code Â§ 16-41-7.5-6 Requirements of a qualified entity operating a program),NA,1,paraphernalia - Ind. Code Â§ 35-48-4-8.5 ( Full Title: Ind. Code Â§ 35-48-4-8.5 Dealing in Paraphernalia),NA,The definition of drug paraphernalia does not refer to objects used for injecting drugs,paraphernalia - Ind. Code Â§ 35-48-4-8.5 ( Full Title: Ind. Code Â§ 35-48-4-8.5 Dealing in Paraphernalia),NA,1,paraphernalia - Ind. Code Â§ 35-48-4-8.5 ( Full Title: Ind. Code Â§ 35-48-4-8.5 Dealing in Paraphernalia),NA,Objects used for injecting drugs are not included in the definition of drug paraphernalia,paraphernalia - Ind. Code Â§ 35-48-4-8.5 ( Full Title: Ind. Code Â§ 35-48-4-8.5 Dealing in Paraphernalia),NA,1,ssp state resource list - SSP State Resource List ( Full Title: SSP State Resource List),NA,0,1,1,0,0,0
iowa,IA,11.5,352,9.6,287,11.5,341,10.6,314,10.3,309,8.8,264,9.3,275,11.2,0.4451,69248,220929,64,21.59342361,3123899,144669,0,None,NA,NA,NA,NA,NA,NA,NA,0,NA,NA,NA,NA,NA,NA,NA,NA,NA,NA,NA,NA,NA,NA,NA,NA,NA,NA,NA,NA,0,NA,NA,NA,NA,NA,1,drug paraphernalia - Iowa Code Â§ 124.414 ( Full Title: Iowa Code Â§ 124.414 Drug paraphernalia),NA,Injecting,drug paraphernalia - Iowa Code Â§ 124.414 ( Full Title: Iowa Code Â§ 124.414 Drug paraphernalia),"âDrug paraphernaliaâ does not include hypodermic needles or syringes if manufactured, delivered, sold, or possessed for a lawful purpose. Iowa Code Â§ 124.414 (b)",1,ssp state resource list - SSP State Resource List ( Full Title: SSP State Resource List),NA,0,0,0,0,0,0
kansas,KS,14.3,403,12.4,345,11.8,333,11.1,313,11.8,329,11.7,332,12,331,11.4,0.455,65740,193139,74.2,13.75005903,2911641,211754.8,0,None,NA,NA,NA,NA,NA,NA,NA,0,NA,NA,NA,NA,NA,NA,NA,NA,NA,NA,NA,NA,NA,NA,NA,NA,NA,NA,NA,NA,0,NA,NA,NA,NA,NA,1,possess paraphernalia - Kan. Stat. Â§ 21-5709 ( Full Title: Kan. Stat. Â§ 21-5709 Unlawful possession of certain drug precursors and drug paraphernalia),NA,"Syringes, Injecting",drug paraphernalia - Kan. Stat. Â§ 21-5701 ( Full Title: Kan. Stat. Â§ 21-5701 Definitions),NA,0,ssp state resource list - SSP State Resource List ( Full Title: SSP State Resource List),NA,0,0,0,0,0,0
kentucky,KY,32.5,1380,30.9,1315,37.2,1566,33.5,1419,29.9,1273,24.7,1077,23.7,1019,16.3,0.4813,52001,234311,58.4,43.26943931,4425092,102268.3,1,exchange - Ky. Rev. Stat. Â§ 218A.500 Definitions for KRS 218A.500 and 218A.510; unlawful ( Full Title: Ky. Rev. Stat. Â§ 218A.500 Definitions for KRS 218A.500 and 218A.510; unlawful practices; penalties),NA,Syringe exchange is explicitly authorized by state law,exchange - Ky. Rev. Stat. Â§ 218A.500 Definitions for KRS 218A.500 and 218A.510; unlawful ( Full Title: Ky. Rev. Stat. Â§ 218A.500 Definitions for KRS 218A.500 and 218A.510; unlawful practices; penalties),NA,1,exception - Ky. Rev. Stat. Â§ 218A.500 Definitions for KRS 218A.500 and 218A.510; unlawful ( Full Title: Ky. Rev. Stat. Â§ 218A.500 Definitions for KRS 218A.500 and 218A.510; unlawful practices; penalties),The exception for residue applies to situations where a person informs law enforcement of the presence of a syringe on their person prior to a search. Ky. Rev. Stat. Â§ 218A.500(6)(a).,1,exchange - Ky. Rev. Stat. Â§ 218A.500 Definitions for KRS 218A.500 and 218A.510; unlawful ( Full Title: Ky. Rev. Stat. Â§ 218A.500 Definitions for KRS 218A.500 and 218A.510; unlawful practices; penalties),NA,1,exchange - Ky. Rev. Stat. Â§ 218A.500 Definitions for KRS 218A.500 and 218A.510; unlawful ( Full Title: Ky. Rev. Stat. Â§ 218A.500 Definitions for KRS 218A.500 and 218A.510; unlawful practices; penalties),NA,0,NA,NA,0,NA,NA,0,NA,NA,None,NA,NA,None,NA,NA,1,exception - Ky. Rev. Stat. Â§ 218A.500 Definitions for KRS 218A.500 and 218A.510; unlawful ( Full Title: Ky. Rev. Stat. Â§ 218A.500 Definitions for KRS 218A.500 and 218A.510; unlawful practices; penalties),NA,Law provides immunity for individuals who disclose possession of syringes to police officers prior to search,exception - Ky. Rev. Stat. Â§ 218A.500 Definitions for KRS 218A.500 and 218A.510; unlawful ( Full Title: Ky. Rev. Stat. Â§ 218A.500 Definitions for KRS 218A.500 and 218A.510; unlawful practices; penalties),NA,1,possess drug paraphernalia - Ky. Rev. Stat. Â§ 218A.500 Definitions for KRS 218A.500 and 218A.510; unlawful ( Full Title: Ky. Rev. Stat. Â§ 218A.500 Definitions for KRS 218A.500 and 218A.510; unlawful practices; penalties),NA,"Syringes, Injecting",drug paraphernalia means - Ky. Rev. Stat. Â§ 218A.500 Definitions for KRS 218A.500 and 218A.510; unlawful ( Full Title: Ky. Rev. Stat. Â§ 218A.500 Definitions for KRS 218A.500 and 218A.510; unlawful practices; penalties),NA,1,ssp state resource list - SSP State Resource List ( Full Title: SSP State Resource List),NA,0,0,0,0,0,0
louisiana,LA,28.3,1267,25.4,1140,24.5,1108,21.8,996,19,861,16.9,777,17.8,809,19,0.499,54385,253315,73.2,41.7409815,4670724,111897.8,1,needle exchange program - La. Rev. Stat. Â§ 40:1024 ( Full Title: La. Rev. Stat. Â§ 40:1024 Exceptions; defenses; local needle exchanges),NA,Syringe exchange is explicitly authorized by state law,needle exchange program - La. Rev. Stat. Â§ 40:1024 ( Full Title: La. Rev. Stat. Â§ 40:1024 Exceptions; defenses; local needle exchanges),NA,0,NA,NA,1,needle exchange program - La. Rev. Stat. Â§ 40:1024 ( Full Title: La. Rev. Stat. Â§ 40:1024 Exceptions; defenses; local needle exchanges),NA,1,needle exchange program - La. Rev. Stat. Â§ 40:1024 ( Full Title: La. Rev. Stat. Â§ 40:1024 Exceptions; defenses; local needle exchanges),NA,0,NA,NA,0,NA,NA,0,NA,NA,None,NA,NA,None,NA,NA,0,NA,NA,NA,NA,NA,1,possess drug paraphernalia - La. Rev. Stat. Â§ 40:1023 ( Full Title: La. Rev. Stat. Â§ 40:1023 Prohibited acts),NA,"Syringes, Injecting",drug paraphernalia defin - La. Rev. Stat. Â§ 40:1021 ( Full Title: La. Rev. Stat. Â§ 40:1021 Definitions),NA,1,operation - SSP State Resource L... ( Full Title: SSP State Resource List),NA,0,0,0,0,0,0
maine,ME,29.9,371,27.9,345,34.4,424,28.7,353,21.2,269,16.8,216,13.2,174,10.9,0.4519,54760,74604,38.7,16.64093737,1329328,79883,1,full application - 10-144-252 ( Full Title: 10-144-252 Me. Code. R. Â§ II Certification Application Procedures),NA,Syringe exchange is explicitly authorized by state law,full application - 10-144-252 ( Full Title: 10-144-252 Me. Code. R. Â§ II Certification Application Procedures),NA,1,"residual amount - Me. Rev. Stat. tit. 17 ,Â§ 1107- ( Full Title: Me. Rev. Stat. tit. 17 ,Â§ 1107-A Unlawful possession of scheduled drugs)",NA,1,"certify hypodermic apparatus exchange programs - Me. Rev. Stat. tit. 22, Â§ 1341 ( Full Title: Me. Rev. Stat. tit. 22, Â§ 1341 Hypodermic apparatus exchange programs)",NA,0,NA,NA,0,NA,NA,1,operating requirements - 10-144-252 ( Full Title: 10-144-252 Me. Code. R. Â§ II Certification Application Procedures),"While one for one exchanges are generally required, an exception must be made for a new enrollee who has no needles for the initial exchange. 10-144-252 Me. Code. R. Â§ II (E)(1).",0,NA,NA,"Drug abuse treatment services, Educational services, Disposal services","rules - Me. Rev. Stat. tit. 22, Â§ 1341 ( Full Title: Me. Rev. Stat. tit. 22, Â§ 1341 Hypodermic apparatus exchange programs), operating requirements - 10-144-252 ( Full Title: 10-144-252 Me. Code. R. Â§ II Certification Application Procedures), needle disposal plan - 10-144-252 ( Full Title: 10-144-252 Me. Code. R. Â§ I General Definitions), consumer education - 10-144-252 ( Full Title: 10-144-252 Me. Code. R. Â§ I General Definitions)",NA,"Drug abuse treatment services, HIV screening, Hepatitis screening","public notice - 10-144-252 ( Full Title: 10-144-252 Me. Code. R. Â§ II Certification Application Procedures), consumer education - 10-144-252 ( Full Title: 10-144-252 Me. Code. R. Â§ I General Definitions)",NA,1,"illegal possession - Me. Rev. Stat. tit. 17, Â§ 1111 ( Full Title: Me. Rev. Stat. tit. 17, Â§ 1111 Illegal possession of hypodermic apparatuses)",NA,It is an affirmative defense that syringes were obtained from an SSP,"defense - Me. Rev. Stat. tit. 17, Â§ 1111 ( Full Title: Me. Rev. Stat. tit. 17, Â§ 1111 Illegal possession of hypodermic apparatuses)",NA,1,"illegal possession - Me. Rev. Stat. tit. 17, Â§ 1111 ( Full Title: Me. Rev. Stat. tit. 17, Â§ 1111 Illegal possession of hypodermic apparatuses), drug paraphernalia - Me. Rev. Stat. tit. 17,Â§ 1111- ( Full Title: Me. Rev. Stat. tit. 17,Â§ 1111-A Sale and use of drug paraphernalia)",NA,"Injecting, State has separate law involving objects used for injecting drugs","drug paraphernalia - Me. Rev. Stat. tit. 17,Â§ 1111- ( Full Title: Me. Rev. Stat. tit. 17,Â§ 1111-A Sale and use of drug paraphernalia)",NA,1,operation - SSP State Resource L... ( Full Title: SSP State Resource List),NA,0,1,1,1,0,0
maryland,MD,38.2,2369,37.2,2324,36.3,2247,33.2,2044,20.9,1285,17.4,1070,14.6,892,9,0.4499,71833,443729,87.2,238.9085955,6006401,25141,1,"syringe exchange pilot program - Md. Code, Health - General, Â§ 24-802 ( Full Title: Md. Code, Health - General, Â§ 24-802 AIDS Prevention Sterile Needle and Syringe Exchange), establishment - Md. Code, Health-General Â§ 24-902 ( Full Title: Md. Code, Health-General Â§ 24-902 Opioid-Associated Disease Prevention and Outreach Program), oadpo program - Md. Code Regs. 10.52.01.05 ( Full Title: Md. Code Regs. 10.52.01.05 Program Design and Operation)",NA,Syringe exchange is explicitly authorized by state law,"syringe exchange pilot program - Md. Code, Health - General, Â§ 24-802 ( Full Title: Md. Code, Health - General, Â§ 24-802 AIDS Prevention Sterile Needle and Syringe Exchange), establishment - Md. Code, Health-General Â§ 24-902 ( Full Title: Md. Code, Health-General Â§ 24-902 Opioid-Associated Disease Prevention and Outreach Program), oadpo program - Md. Code Regs. 10.52.01.05 ( Full Title: Md. Code Regs. 10.52.01.05 Program Design and Operation)",NA,1,"residue - Md. Code, Health - General, Â§ 24-809 ( Full Title: Md. Code, Health - General, Â§ 24-809 Possession offenses)",NA,1,"oadpo program - Md. Code Regs. 10.52.01.05 ( Full Title: Md. Code Regs. 10.52.01.05 Program Design and Operation), establishment - Md. Code, Health-General Â§ 24-902 ( Full Title: Md. Code, Health-General Â§ 24-902 Opioid-Associated Disease Prevention and Outreach Program)",NA,1,"establishment - Md. Code, Health-General Â§ 24-902 ( Full Title: Md. Code, Health-General Â§ 24-902 Opioid-Associated Disease Prevention and Outreach Program)",NA,0,NA,NA,0,NA,NA,0,NA,NA,Educational services,"program - Md. Code, Health - General, Â§ 24-803 ( Full Title: Md. Code, Health - General, Â§ 24-803 Program methods and practices)",NA,"Drug abuse treatment services, HIV screening, Hepatitis screening, Sexually transmitted infections screening, Naloxone services","program requirements - Md. Code, Health-General Â§ 24-903 ( Full Title: Md. Code, Health-General Â§ 24-903 Program methods and practices), program - Md. Code, Health - General, Â§ 24-803 ( Full Title: Md. Code, Health - General, Â§ 24-803 Program methods and practices)",NA,1,"immunity - Md. Code, Health - General, Â§ 24-808 ( Full Title: Md. Code, Health - General, Â§ 24-808 Immunity from criminal prosecution)",NA,Law exempts SSP participants,"immunity - Md. Code, Health - General, Â§ 24-808 ( Full Title: Md. Code, Health - General, Â§ 24-808 Immunity from criminal prosecution)",NA,1,"possession - Md. Code, Criminal Law, Â§ 5-619 ( Full Title: Md. Code, Criminal Law, Â§ 5-619 Drug paraphernalia)",NA,"Syringes, Injecting","drug paraphernalia - Md. Code, Criminal Law, Â§ 5-101 ( Full Title: Md. Code, Criminal Law, Â§ 5-101 Definitions)",NA,1,operation - SSP State Resource L... ( Full Title: SSP State Resource List),NA,0,1,0,0,0,0
massachusetts,MA,32.1,2210,32.8,2241,31.8,2168,33,2227,25.7,1724,19,1289,16,1081,9.4,0.4786,88921,625113,92,336.3258901,6794422,20201.9,1,"Syringe Exchange Program - Mass. Gen. Laws ch. 111, Â§215 ( Full Title: Mass. Gen. Laws ch. 111, Â§215 Needle exchange programs; approval; report), Drug Paraphernalia Penalties - Mass. Gen. Laws ch. 94C, Â§32I (a-b) ( Full Title: Mass. Gen. Laws ch. 94C, Â§32I Drug paraphernalia; sale, possession or manufacture with intent to sell; penalty; sale of tobacco rolling papers), Drug Paraphernalia Definition - Mass. Gen. Laws ch. 94C, Â§1  ( Full Title: Mass. Gen. Laws ch. 94C, Â§1 Definitions.)",NA,"Syringe exchange is explicitly authorized by state law, State law does not prohibit the free distribution of drug paraphernalia, The definition of drug paraphernalia does not refer to objects used for injecting drugs","Drug Paraphernalia Definition - Mass. Gen. Laws ch. 94C, Â§1  ( Full Title: Mass. Gen. Laws ch. 94C, Â§1 Definitions.), Drug Paraphernalia Penalties - Mass. Gen. Laws ch. 94C, Â§32I (a-b) ( Full Title: Mass. Gen. Laws ch. 94C, Â§32I Drug paraphernalia; sale, possession or manufacture with intent to sell; penalty; sale of tobacco rolling papers), Syringe Exchange Program - Mass. Gen. Laws ch. 111, Â§215 ( Full Title: Mass. Gen. Laws ch. 111, Â§215 Needle exchange programs; approval; report)",NA,0,NA,NA,1,"Syringe Exchange Program - Mass. Gen. Laws ch. 111, Â§215 ( Full Title: Mass. Gen. Laws ch. 111, Â§215 Needle exchange programs; approval; report)",NA,1,"Syringe Exchange Program - Mass. Gen. Laws ch. 111, Â§215 ( Full Title: Mass. Gen. Laws ch. 111, Â§215 Needle exchange programs; approval; report)",NA,0,NA,NA,0,NA,NA,0,NA,NA,None,NA,NA,None,NA,NA,1,"landry - Commonwealth v. Land... ( Full Title: Commonwealth v. Landry, 779 N.E.2d 638)","The Massachusetts Supreme Court ruled in Commonwealth v. Landry, 779 N.E.2d 638 (Supreme Judicial Court 2002) that syringes acquired from a needle exchange program are exempt from the state's drug paraphernalia possession law.","Law exempts SSP participants, The definition of drug paraphernalia does not refer to objects used for injecting drugs","landry - Commonwealth v. Land... ( Full Title: Commonwealth v. Landry, 779 N.E.2d 638)","The Massachusetts Supreme Court ruled in Commonwealth v. Landry, 779 N.E.2d 638 (Supreme Judicial Court 2002) that syringes acquired from a needle exchange program are exempt from the state's drug paraphernalia possession law.",1,"Drug Paraphernalia Definition - Mass. Gen. Laws ch. 94C, Â§1  ( Full Title: Mass. Gen. Laws ch. 94C, Â§1 Definitions.)",NA,Objects used for injecting drugs are not included in the definition of drug paraphernalia,"Drug Paraphernalia Definition - Mass. Gen. Laws ch. 94C, Â§1  ( Full Title: Mass. Gen. Laws ch. 94C, Â§1 Definitions.)",NA,1,operation - SSP State Resource L... ( Full Title: SSP State Resource List),NA,0,0,0,0,0,0
michigan,MI,24.4,2385,26.6,2591,27.8,2694,24.4,2347,20.4,1980,18,1762,15.9,1553,13,0.4695,55518,559479,74.6,67.76081997,9922576,146435.3,1,Drug Paraphernalia Prohibited - Mich. Comp. Laws Â§ 333.7453 (1) ( Full Title: Mich. Comp. Laws Â§ 333.7453 Sale of drug paraphernalia prohibited; notice; compliance.),NA,State law does not prohibit the free distribution of drug paraphernalia,Drug Paraphernalia Prohibited - Mich. Comp. Laws Â§ 333.7453 (1) ( Full Title: Mich. Comp. Laws Â§ 333.7453 Sale of drug paraphernalia prohibited; notice; compliance.),NA,0,NA,NA,0,NA,NA,NA,NA,NA,NA,NA,NA,NA,NA,NA,NA,NA,NA,NA,NA,NA,NA,NA,NA,1,Drug Paraphernalia Prohibited - Mich. Comp. Laws Â§ 333.7453 (1) ( Full Title: Mich. Comp. Laws Â§ 333.7453 Sale of drug paraphernalia prohibited; notice; compliance.),NA,State does not prohibit simple possession,Drug Paraphernalia Prohibited - Mich. Comp. Laws Â§ 333.7453 (1) ( Full Title: Mich. Comp. Laws Â§ 333.7453 Sale of drug paraphernalia prohibited; notice; compliance.),NA,1,Drug Paraphernalia Definition - Mich. Comp. Laws Â§ 333.7451  ( Full Title: Mich. Comp. Laws Â§ 333.7451 âDrug paraphernaliaâ defined),NA,Injecting,Drug Paraphernalia Definition - Mich. Comp. Laws Â§ 333.7451  ( Full Title: Mich. Comp. Laws Â§ 333.7451 âDrug paraphernaliaâ defined),NA,1,See attached file above - SSP State Resource L... ( Full Title: SSP State Resource List),NA,0,0,0,0,0,0
minnesota,MN,14.2,792,11.5,636,13.3,733,12.5,672,10.6,581,9.6,517,9.6,523,9,0.4496,71391,407395,73.3,26.61840734,5489594,206233,1,"Disposal - Minn. Stat. Â§116.835(c) ( Full Title: Minn. Stat. Â§116.835 Safe sharps management), Pharmacist Sale - Limited Quantity - Minn. Stat. Â§ 151.40 (2) ( Full Title: Minn. Stat. Â§ 151.40 Possession and sale of hypodermic syringes and needles), Syringe Exception - Minn. Stat. Â§ 152.01(18)(b) ( Full Title: Minn. Stat. Â§ 152.01 Definitions)",NA,Syringe exchange is explicitly authorized by state law,"Disposal - Minn. Stat. Â§116.835(c) ( Full Title: Minn. Stat. Â§116.835 Safe sharps management), Pharmacist Sale - Limited Quantity - Minn. Stat. Â§ 151.40 (2) ( Full Title: Minn. Stat. Â§ 151.40 Possession and sale of hypodermic syringes and needles), Syringe Exception - Minn. Stat. Â§ 152.01(18)(b) ( Full Title: Minn. Stat. Â§ 152.01 Definitions)",NA,0,NA,NA,1,"Pharmacist Sale - Limited Quantity - Minn. Stat. Â§ 151.40 (2) ( Full Title: Minn. Stat. Â§ 151.40 Possession and sale of hypodermic syringes and needles), Syringe Exception - Minn. Stat. Â§ 152.01(18)(b) ( Full Title: Minn. Stat. Â§ 152.01 Definitions)",Minnesota has not passed a law explicitly authorizing SSPs but the state government maintains a program for the distribution of syringes through pharmacies under its Minnesota Syringe Access Initiative. Minn. Stat. Â§ 151.40 .,0,NA,NA,0,NA,NA,0,NA,NA,0,NA,NA,Disposal services,Disposal - Minn. Stat. Â§116.835(c) ( Full Title: Minn. Stat. Â§116.835 Safe sharps management),NA,None,NA,NA,0,NA,NA,NA,NA,NA,1,"Drug Paraphernalia Definition - Minn. Stat. Â§ 152.01(18) ( Full Title: Minn. Stat. Â§ 152.01 Definitions), Syringe Exception - Minn. Stat. Â§ 152.01(18)(b) ( Full Title: Minn. Stat. Â§ 152.01 Definitions)",NA,Injecting,"Drug Paraphernalia Definition - Minn. Stat. Â§ 152.01(18) ( Full Title: Minn. Stat. Â§ 152.01 Definitions), Syringe Exception - Minn. Stat. Â§ 152.01(18)(b) ( Full Title: Minn. Stat. Â§ 152.01 Definitions)","Minn. Stat. Â§ 152.01 (b) states that ""Drug paraphernalia"" does not include the possession, manufacture, delivery, or sale of hypodermic needles or syringes in accordance with sectionÂ 151.40, subdivision 2,"" which has been interpreted to explicitly authorize SSPs according to the Minnesota Department of Health.",1,See attached file above - SSP State Resource L... ( Full Title: SSP State Resource List),NA,0,0,1,0,0,0
mississippi,MS,13.6,394,10.8,310,12.2,354,12.1,352,12.3,351,11.6,336,10.8,316,20.6,0.4828,41796,123781,49.3,24.62217559,2992333,121530,0,None,NA,NA,NA,NA,NA,NA,NA,0,NA,NA,NA,NA,NA,NA,NA,NA,NA,NA,NA,NA,NA,NA,NA,NA,NA,NA,NA,NA,0,NA,NA,NA,NA,NA,1,"Paraphernalia Definition - Miss. Code Â§ 41-29-105(v) ( Full Title: Miss. Code Â§ 41-29-105 Definitions), Syringe in Paraphernalia Definitions - Miss. Code Â§ 41-29-105(v)(xi) ( Full Title: Miss. Code Â§ 41-29-105 Definitions)",NA,"Syringes, Injecting",Syringe in Paraphernalia Definitions - Miss. Code Â§ 41-29-105(v)(xi) ( Full Title: Miss. Code Â§ 41-29-105 Definitions),NA,0,See attached file above - SSP State Resource L... ( Full Title: SSP State Resource List),NA,0,0,0,0,0,0
missouri,MO,26.9,1583,27.5,1610,23.4,1367,23.6,1371,17.9,1066,18.2,1067,17.5,1025,12.9,0.4646,58332,359034,70.4,34.17006195,6083672,178041,0,None,NA,NA,NA,NA,NA,NA,NA,0,NA,NA,NA,NA,NA,NA,NA,NA,NA,NA,NA,NA,NA,NA,NA,NA,NA,NA,NA,NA,0,NA,NA,NA,NA,NA,1,"Drug Paraphernalia Definition - Mo. Rev. Stat. Â§ 195.010(18) ( Full Title: Mo. Rev. Stat. Â§ 195.010 Definitions), Drug Paraphernalia - Syringe - Mo. Rev. Stat. Â§ 195.010(18)(k) ( Full Title: Mo. Rev. Stat. Â§ 195.010 Definitions)",NA,"Syringes, Injecting",Drug Paraphernalia - Syringe - Mo. Rev. Stat. Â§ 195.010(18)(k) ( Full Title: Mo. Rev. Stat. Â§ 195.010 Definitions),NA,1,See attached file above - SSP State Resource L... ( Full Title: SSP State Resource List),NA,0,0,0,0,0,0
montana,MT,14.1,143,12.2,125,11.7,119,11.7,119,13.8,138,12.4,125,14.5,137,12.6,0.4667,53419,57919,55.9,2.740191064,1032949,376962.4,1,Drug Paraphernalia Exemptions - Mont. Code Â§ 45-10-107 ( Full Title: Mont. Code Â§ 45-10-107 Exemptions),NA,Syringe exchange is explicitly authorized by state law,Drug Paraphernalia Exemptions - Mont. Code Â§ 45-10-107 ( Full Title: Mont. Code Â§ 45-10-107 Exemptions),NA,0,NA,NA,1,Drug Paraphernalia Exemptions - Mont. Code Â§ 45-10-107 ( Full Title: Mont. Code Â§ 45-10-107 Exemptions),NA,0,NA,NA,0,NA,NA,0,NA,NA,0,NA,NA,None,NA,NA,None,NA,NA,0,NA,NA,NA,NA,NA,1,Drug Paraphernalia Definition - Mont. Code Â§ 45-10-101(1) ( Full Title: Mont. Code Â§ 45-10-101 Definitions),NA,Injecting,Drug Paraphernalia Definition - Mont. Code Â§ 45-10-101(1) ( Full Title: Mont. Code Â§ 45-10-101 Definitions),NA,1,See attached file above - SSP State Resource L... ( Full Title: SSP State Resource List),NA,0,0,0,0,0,0
nebraska,NE,8.7,161,7.4,138,8.1,152,6.4,120,6.9,126,7.2,125,6.5,117,9.9,0.4477,76730,150507,73.1,9.529876385,1896190,198973.2,0,None,NA,NA,NA,NA,NA,NA,NA,0,NA,NA,NA,NA,NA,NA,NA,NA,NA,NA,NA,NA,NA,NA,NA,NA,NA,NA,NA,NA,0,NA,NA,NA,NA,NA,1,"Drug Paraphernalia Defined - Neb. Rev. Stat. Â§ 28-439 ( Full Title: Neb. Rev. Stat. Â§ 28-439 Drug paraphernalia, defined; enumerated)",NA,"Syringes, Injecting","Drug Paraphernalia - Syringe - Neb. Rev. Stat. Â§ 28-439(3) ( Full Title: Neb. Rev. Stat. Â§ 28-439 Drug paraphernalia, defined; enumerated)",NA,0,See attached file above - SSP State Resource L... ( Full Title: SSP State Resource List),NA,0,0,0,0,0,0
nevada,NV,20.1,647,21.2,688,21.6,676,21.7,665,20.4,619,18.4,545,21.1,614,12.5,0.4577,60359,187394,94.2,10.16716403,2890845,284331.5,1,"Syringe Exchange Authorization - Nev. Rev. Stat. Â§ 439.985 ( Full Title: Nev. Rev. Stat. Â§ 439.985 Legislative declaration of purpose), Syringe Exchange Authorization 2 - Nev. Rev. Stat. Â§ 439.987 ( Full Title: Nev. Rev. Stat. Â§ 439.987. Establishment), Drug Paraphernalia Definition - Nev. Rev. Stat. Â§ 453.554 (1) ( Full Title: Nev. Rev. Stat. Â§ 453.554 âDrug paraphernaliaâ defined), Drug Paraphernalia Syringe Excluded - Nev. Rev. Stat. Â§ 453.554(2) ( Full Title: Nev. Rev. Stat. Â§ 453.554 âDrug paraphernaliaâ defined)",NA,"Syringe exchange is explicitly authorized by state law, The definition of drug paraphernalia explicitly excludes objects used for injecting drugs","Syringe Exchange Authorization 2 - Nev. Rev. Stat. Â§ 439.987 ( Full Title: Nev. Rev. Stat. Â§ 439.987. Establishment), Syringe Exchange Authorization - Nev. Rev. Stat. Â§ 439.985 ( Full Title: Nev. Rev. Stat. Â§ 439.985 Legislative declaration of purpose), Drug Paraphernalia Definition - Nev. Rev. Stat. Â§ 453.554 (1) ( Full Title: Nev. Rev. Stat. Â§ 453.554 âDrug paraphernaliaâ defined), Drug Paraphernalia Syringe Excluded - Nev. Rev. Stat. Â§ 453.554(2) ( Full Title: Nev. Rev. Stat. Â§ 453.554 âDrug paraphernaliaâ defined)",NA,1,Residue Exemption - Nev. Rev. Stat. Â§ 453.336(5) ( Full Title: Nev. Rev. Stat. Â§ 453.336 Unlawful possession not for purpose of sale: Prohibition; penalties; exception),NA,1,"Syringe Exchange Authorization - Nev. Rev. Stat. Â§ 439.985 ( Full Title: Nev. Rev. Stat. Â§ 439.985 Legislative declaration of purpose), Syringe Exchange Authorization 2 - Nev. Rev. Stat. Â§ 439.987 ( Full Title: Nev. Rev. Stat. Â§ 439.987. Establishment)",NA,0,NA,NA,0,NA,NA,0,NA,NA,0,NA,NA,"Educational services, Disposal services","Syringe Exchange Requirements - Nev. Rev. Stat. Â§ 439.989 ( Full Title: Nev. Rev. Stat. Â§ 439.989. Program to establish safety procedures, provide community outreach and report to State Board of Health)",NA,None,NA,NA,1,"Drug Paraphernalia Syringe Excluded - Nev. Rev. Stat. Â§ 453.554(2) ( Full Title: Nev. Rev. Stat. Â§ 453.554 âDrug paraphernaliaâ defined), Drug Paraphernalia Definition - Nev. Rev. Stat. Â§ 453.554 (1) ( Full Title: Nev. Rev. Stat. Â§ 453.554 âDrug paraphernaliaâ defined)",NA,Law explicitly excludes objects used for injecting drugs,"Drug Paraphernalia Definition - Nev. Rev. Stat. Â§ 453.554 (1) ( Full Title: Nev. Rev. Stat. Â§ 453.554 âDrug paraphernaliaâ defined), Drug Paraphernalia Syringe Excluded - Nev. Rev. Stat. Â§ 453.554(2) ( Full Title: Nev. Rev. Stat. Â§ 453.554 âDrug paraphernaliaâ defined)",NA,1,Drug Paraphernalia Definition - Nev. Rev. Stat. Â§ 453.554 (1) ( Full Title: Nev. Rev. Stat. Â§ 453.554 âDrug paraphernaliaâ defined),NA,Objects used for injecting drugs are explicitly excluded from the definition of drug paraphernalia,"Drug Paraphernalia Definition - Nev. Rev. Stat. Â§ 453.554 (1) ( Full Title: Nev. Rev. Stat. Â§ 453.554 âDrug paraphernaliaâ defined), Drug Paraphernalia Syringe Excluded - Nev. Rev. Stat. Â§ 453.554(2) ( Full Title: Nev. Rev. Stat. Â§ 453.554 âDrug paraphernaliaâ defined)",NA,1,See attached file above - SSP State Resource L... ( Full Title: SSP State Resource List),NA,0,1,1,0,0,0
new hampshire,NH,32,407,35.8,452,37,467,39,481,34.3,422,26.2,334,15.1,203,7.3,0.4304,68159,93891,60.3,57.38297927,1330608,23188.2,1,Syringe Service Program Authorization - N.H. Rev. Stat. Â§ 318-B:43 (I)(a) ( Full Title: N.H. Rev. Stat. Â§ 318-B:43 Syringe Service Programs Authorized),NA,"Syringe exchange is explicitly authorized by state law, The definition of drug paraphernalia does not refer to objects used for injecting drugs","Syringe Service Program Authorization - N.H. Rev. Stat. Â§ 318-B:43 (I)(a) ( Full Title: N.H. Rev. Stat. Â§ 318-B:43 Syringe Service Programs Authorized), Drug Paraphernalia Definition - N.H. Rev. Stat. Â§ 318-B:1(X-a) ( Full Title: N.H. Rev. Stat. Â§ 318-B:1 Definitions.)",NA,1,Residue Exemption - N.H. Rev. Stat. Â§ 318-B:26(II)(e) ( Full Title: N.H. Rev. Stat. Â§ 318-B:26 Penalties.),NA,1,Syringe Service Program Authorization - N.H. Rev. Stat. Â§ 318-B:43 (I)(a) ( Full Title: N.H. Rev. Stat. Â§ 318-B:43 Syringe Service Programs Authorized),NA,0,NA,NA,0,NA,NA,0,NA,NA,0,NA,NA,None,NA,NA,"Drug abuse treatment services, HIV screening, Hepatitis screening",Requirements - SSP - N.H. Rev. Stat. Â§ 318-B:43(II) ( Full Title: N.H. Rev. Stat. Â§ 318-B:43 Syringe Service Programs Authorized),NA,1,Possession Exemption SSP - N.H. Rev. Stat. Â§ 318-B:44 ( Full Title: N.H. Rev. Stat. Â§ 318-B:44 Syringe Service Programs; Affirmative Defense),NA,"It is an affirmative defense that syringes were obtained from an SSP, State does not prohibit simple possession, The definition of drug paraphernalia does not refer to objects used for injecting drugs","Possession Exemption SSP - N.H. Rev. Stat. Â§ 318-B:44 ( Full Title: N.H. Rev. Stat. Â§ 318-B:44 Syringe Service Programs; Affirmative Defense), Drug Paraphernalia Definition - N.H. Rev. Stat. Â§ 318-B:1(X-a) ( Full Title: N.H. Rev. Stat. Â§ 318-B:1 Definitions.), Drug Paraphernalia Delivery - N.H. Rev. Stat. Â§ 318-B:2(II) ( Full Title: N.H. Rev. Stat. Â§ 318-B:2 Acts Prohibited.)",NA,1,Drug Paraphernalia Definition - N.H. Rev. Stat. Â§ 318-B:1(X-a) ( Full Title: N.H. Rev. Stat. Â§ 318-B:1 Definitions.),NA,Objects used for injecting drugs are not included in the definition of drug paraphernalia,Drug Paraphernalia Definition - N.H. Rev. Stat. Â§ 318-B:1(X-a) ( Full Title: N.H. Rev. Stat. Â§ 318-B:1 Definitions.),NA,1,See attached file above - SSP State Resource L... ( Full Title: SSP State Resource List),NA,0,0,0,0,0,0
new jersey,NJ,31.7,2805,33.1,2900,30,2685,23.2,2056,16.3,1454,14,1253,14.5,1294,9.2,0.4813,72288,671483,94.7,470.3159061,8958013,19046.8,1,"Drug Paraphernalia Definition - N.J. Stat. Â§ 2C:36-1 ( Full Title: N.J. Stat. Â§ 2C:36-1. Drug paraphernalia, defined; determination), Syringe Exchange Authorization - N.J. Stat. Â§ 26:5C-27 ( Full Title: N.J. Stat. Â§ 26:5C-27. Demonstration program for operation of sterile syringe access programs)",NA,Syringe exchange is explicitly authorized by state law,Syringe Exchange Authorization - N.J. Stat. Â§ 26:5C-27 ( Full Title: N.J. Stat. Â§ 26:5C-27. Demonstration program for operation of sterile syringe access programs),NA,1,"Syringe Possession and Residue Exception - SSP - N.J. Stat. Â§ 2C:36-6a ( Full Title: N.J. Stat. Â§ 2C:36-6a. Possession of syringe, needle, certain circumstances, not an offense)",NA,1,Syringe Exchange Authorization - N.J. Stat. Â§ 26:5C-27 ( Full Title: N.J. Stat. Â§ 26:5C-27. Demonstration program for operation of sterile syringe access programs),NA,1,SSP - Local Government Approval - N.J. Admin. Code Â§ 8:63-2.1(a)(1) ( Full Title: N.J. Admin. Code Â§ 8:63-2.1 Prerequisites applicable to municipalities with respect to Department consideration of SSAP application),NA,0,NA,NA,0,NA,NA,0,NA,NA,"Drug abuse treatment services, Educational services, Disposal services","SSP - Requirements - N.J. Stat. Â§ 26:5C-28(b) ( Full Title: N.J. Stat. Â§ 26:5C-28. Establishment, authorization by municipality of certain programs)",NA,"Drug abuse treatment services, HIV screening, Hepatitis screening, Educational services","SSP - Requirements - N.J. Stat. Â§ 26:5C-28(b) ( Full Title: N.J. Stat. Â§ 26:5C-28. Establishment, authorization by municipality of certain programs)",NA,1,"Syringe Possession and Residue Exception - SSP - N.J. Stat. Â§ 2C:36-6a ( Full Title: N.J. Stat. Â§ 2C:36-6a. Possession of syringe, needle, certain circumstances, not an offense)",NA,Law exempts SSP participants,"Syringe Possession and Residue Exception - SSP - N.J. Stat. Â§ 2C:36-6a ( Full Title: N.J. Stat. Â§ 2C:36-6a. Possession of syringe, needle, certain circumstances, not an offense)",NA,1,"Drug Paraphernalia Definition - N.J. Stat. Â§ 2C:36-1 ( Full Title: N.J. Stat. Â§ 2C:36-1. Drug paraphernalia, defined; determination)",NA,State has separate law involving objects used for injecting drugs,"Drug Paraphernalia Definition - N.J. Stat. Â§ 2C:36-1 ( Full Title: N.J. Stat. Â§ 2C:36-1. Drug paraphernalia, defined; determination), Syringe Illegal - N.J. Stat. Â§ 2C:36-6(a) ( Full Title: N.J. Stat. Â§ 2C:36-6 Possession or distribution of hypodermic syringe or needle)","NJ's general drug paraphernalia law, N.J. Stat. Â§ 2C:36-1, does not include syringes or injecting, but was passed simultaneously with N.J. Stat. Â§ 2C:36-6, which specifically prohibits the possession of hypodermic syringes or needles. L. 1987, c. 106, Â§Â§â1-2.N.J. Stat. Â§ 2C:36-6 prohibits the possession of objects used for injecting drugs but makes exceptions for ""other law[s]"" to the contrary.",1,See attached file above - SSP State Resource L... ( Full Title: SSP State Resource List),NA,0,1,1,1,0,0
new mexico,NM,30.2,599,26.7,537,24.8,493,25.2,500,25.3,501,27.3,547,22.6,458,18.2,0.4769,51116,108241,77.4,6.637084114,2085109,314160.4,1,SSP - N.M. Stat. Â§ 24-2 ( Full Title: N.M. Stat. Â§ 24-2C-4. Program created; department responsibilities),NA,Syringe exchange is explicitly authorized by state law,SSP - N.M. Stat. Â§ 24-2 ( Full Title: N.M. Stat. Â§ 24-2C-4. Program created; department responsibilities),NA,0,NA,NA,1,SSP - N.M. Stat. Â§ 24-2 ( Full Title: N.M. Stat. Â§ 24-2C-4. Program created; department responsibilities),NA,0,NA,NA,0,NA,NA,0,NA,NA,0,NA,NA,Educational services,"shall provide - N.M. Stat. Â§ 24-2 ( Full Title: N.M. Stat. Â§ 24-2C-5. Program), education services - N.M. Code R. Â§ 7.4.6.9 ( Full Title: N.M. Code R. Â§ 7.4.6.9. AUTHORIZED HARM REDUCTION PROVIDER REQUIREMENTS), harm reduction information - N.M. Code R. Â§ 7.4.6.9 ( Full Title: N.M. Code R. Â§ 7.4.6.9. AUTHORIZED HARM REDUCTION PROVIDER REQUIREMENTS)",NA,Drug abuse treatment services,shall provide - N.M. Stat. Â§ 24-2 ( Full Title: N.M. Stat. Â§ 24-2C-5. Program),NA,1,immunity - N.M. Stat. Â§ 24-2 ( Full Title: N.M. Stat. Â§ 24-2C-6. Immunity from criminal liability),NA,Law exempts SSP participants,immunity - N.M. Stat. Â§ 24-2 ( Full Title: N.M. Stat. Â§ 24-2C-6. Immunity from criminal liability),NA,1,drug paraphernalia - N.M. Stat. Â§ 30-31-2 ( Full Title: N.M. Stat. Â§ 30-31-2. Definitions),NA,"Syringes, Injecting",drug paraphernalia - N.M. Stat. Â§ 30-31-2 ( Full Title: N.M. Stat. Â§ 30-31-2. Definitions),NA,1,See attached file above - SSP State Resource L... ( Full Title: SSP State Resource List),NA,0,1,0,0,0,0
new york,NY,18.2,3617,18.4,3697,19.4,3921,18,3638,13.6,2754,11.3,2300,11.3,2309,13,0.5229,92480,1868224,87.9,162.1864016,19795791,122055.8,1,"authorization - N.Y. Comp. Codes R. Â§ Regs. tit. 10, Â§ 80.135 ( Full Title: N.Y. Comp. Codes R. Â§ Regs. tit. 10, Â§ 80.135 Authorization to conduct hypodermic syringe and needle exchange programs)",NA,Syringe exchange is explicitly authorized by state law,"authorization - N.Y. Comp. Codes R. Â§ Regs. tit. 10, Â§ 80.135 ( Full Title: N.Y. Comp. Codes R. Â§ Regs. tit. 10, Â§ 80.135 Authorization to conduct hypodermic syringe and needle exchange programs)",NA,1,controlled substance - N.Y. Penal Â§ 220.03 ( Full Title: N.Y. Penal Â§ 220.03 Criminal possession of a controlled substance in the seventh degree),NA,1,"authorization - N.Y. Comp. Codes R. Â§ Regs. tit. 10, Â§ 80.135 ( Full Title: N.Y. Comp. Codes R. Â§ Regs. tit. 10, Â§ 80.135 Authorization to conduct hypodermic syringe and needle exchange programs)",NA,0,NA,NA,0,NA,NA,0,NA,NA,0,NA,NA,"Educational services, Disposal services","Educational Services - N.Y. Comp. Codes R. Â§ Regs. tit. 10, Â§ 80.135(b)(4) ( Full Title: N.Y. Comp. Codes R. Â§ Regs. tit. 10, Â§ 80.135 Authorization to conduct hypodermic syringe and needle exchange programs), Disposal - N.Y. Comp. Codes R. Â§ Regs. tit. 10, Â§ 80.135(g)(10) ( Full Title: N.Y. Comp. Codes R. Â§ Regs. tit. 10, Â§ 80.135 Authorization to conduct hypodermic syringe and needle exchange programs)",NA,"Drug abuse treatment services, HIV screening, Sexually transmitted infections screening, Tuberculosis screening, Disposal services","Educational Services - N.Y. Comp. Codes R. Â§ Regs. tit. 10, Â§ 80.135(b)(4) ( Full Title: N.Y. Comp. Codes R. Â§ Regs. tit. 10, Â§ 80.135 Authorization to conduct hypodermic syringe and needle exchange programs), Drug Abuse Treatment - N.Y. Comp. Codes R. Â§ Regs. tit. 10, Â§ 80.135(m)(12) ( Full Title: N.Y. Comp. Codes R. Â§ Regs. tit. 10, Â§ 80.135 Authorization to conduct hypodermic syringe and needle exchange programs), Disposal - N.Y. Comp. Codes R. Â§ Regs. tit. 10, Â§ 80.135(g)(10) ( Full Title: N.Y. Comp. Codes R. Â§ Regs. tit. 10, Â§ 80.135 Authorization to conduct hypodermic syringe and needle exchange programs)",NA,1,criminally possessing - N.Y. Penal Â§ 220.45 ( Full Title: N.Y. Penal Â§ 220.45. Criminally possessing a hypodermic instrument),NA,Law exempts SSP participants,criminally possessing - N.Y. Penal Â§ 220.45 ( Full Title: N.Y. Penal Â§ 220.45. Criminally possessing a hypodermic instrument),NA,1,drug paraphernalia - N.Y. Gen. Bus. Â§ 850... ( Full Title: N.Y. Gen. Bus. Â§ 850 Definitions),NA,"Syringes, Injecting, State has separate law involving objects used for injecting drugs","criminally possessing - N.Y. Penal Â§ 220.45 ( Full Title: N.Y. Penal Â§ 220.45. Criminally possessing a hypodermic instrument), drug paraphernalia - N.Y. Gen. Bus. Â§ 850... ( Full Title: N.Y. Gen. Bus. Â§ 850 Definitions)","New York's general drug paraphernalia law, N.Y. Gen. Bus. Â§ 850, includes both syringes and injecting, but only  ""possess[ion] with intent to sell, offer[ing] for sale, or purchas[ing] drug-related paraphernalia"" are prohibited.Separately, the simple possession of a ""hypodermic instrument"" is prohibited and constitutes a class A misdemeanor. N.Y. Penal Â§ 220.45.",1,See attached file above - SSP State Resource L... ( Full Title: SSP State Resource List),NA,0,1,1,0,0,0
north carolina,NC,22.3,2266,22.4,2259,24.1,2414,19.7,1956,15.8,1567,13.8,1358,12.9,1259,13.6,0.478,61900,646207,66.1,79.75541614,10042802,125920,1,hypodermic syringe exchange programs authorized - N.C. Gen. Stat. Â§ 90-113.27 ( Full Title: N.C. Gen. Stat. Â§ 90-113.27. Needle and hypodermic syringe exchange programs authorized; limited immunity),NA,Syringe exchange is explicitly authorized by state law,hypodermic syringe exchange programs authorized - N.C. Gen. Stat. Â§ 90-113.27 ( Full Title: N.C. Gen. Stat. Â§ 90-113.27. Needle and hypodermic syringe exchange programs authorized; limited immunity),NA,1,exemptions - N.C. Gen. Stat. Â§ 90-113.27 ( Full Title: N.C. Gen. Stat. Â§ 90-113.27. Needle and hypodermic syringe exchange programs authorized; limited immunity),NA,1,hypodermic syringe exchange programs authorized - N.C. Gen. Stat. Â§ 90-113.27 ( Full Title: N.C. Gen. Stat. Â§ 90-113.27. Needle and hypodermic syringe exchange programs authorized; limited immunity),NA,0,NA,NA,0,NA,NA,0,NA,NA,0,NA,NA,"Educational services, Naloxone services, Disposal services",requirements - N.C. Gen. Stat. Â§ 90-113.27 ( Full Title: N.C. Gen. Stat. Â§ 90-113.27. Needle and hypodermic syringe exchange programs authorized; limited immunity),NA,Drug abuse treatment services,requirements - N.C. Gen. Stat. Â§ 90-113.27 ( Full Title: N.C. Gen. Stat. Â§ 90-113.27. Needle and hypodermic syringe exchange programs authorized; limited immunity),NA,1,exemptions - N.C. Gen. Stat. Â§ 90-113.27 ( Full Title: N.C. Gen. Stat. Â§ 90-113.27. Needle and hypodermic syringe exchange programs authorized; limited immunity),NA,"Law exempts SSP participants, Law provides immunity for individuals who disclose possession of syringes to police officers prior to search","exemptions - N.C. Gen. Stat. Â§ 90-113.27 ( Full Title: N.C. Gen. Stat. Â§ 90-113.27. Needle and hypodermic syringe exchange programs authorized; limited immunity), Syringe Disclosure Exception - N.C. Gen. Stat. Â§ 90-113.22(c) ( Full Title: N.C. Gen. Stat. Â§ 90-113.22. Possession of drug paraphernalia)",NA,1,drug paraphernalia - N.C. Gen. Stat. Â§ 90-113.21 ( Full Title: N.C. Gen. Stat. Â§ 90-113.21. General provisions),NA,"Syringes, Injecting",drug paraphernalia - N.C. Gen. Stat. Â§ 90-113.21 ( Full Title: N.C. Gen. Stat. Â§ 90-113.21. General provisions),NA,1,See attached file above - SSP State Resource L... ( Full Title: SSP State Resource List),NA,0,1,1,0,0,1
north dakota,ND,11.4,82,10.2,70,9.2,68,10.6,77,8.6,61,6.3,43,2.8,20,10.6,0.4533,83402,64978,59.9,4.235461788,756927,178711.8,1,needle exchange program  authorization - N.D. Cent. Code Â§ 23-01-44 ( Full Title: N.D. Cent. Code Â§ 23-01-44. Syringe or needle exchange program â Authorization.),NA,Syringe exchange is explicitly authorized by state law,needle exchange program  authorization - N.D. Cent. Code Â§ 23-01-44 ( Full Title: N.D. Cent. Code Â§ 23-01-44. Syringe or needle exchange program â Authorization.),NA,0,NA,NA,1,needle exchange program  authorization - N.D. Cent. Code Â§ 23-01-44 ( Full Title: N.D. Cent. Code Â§ 23-01-44. Syringe or needle exchange program â Authorization.),NA,0,NA,NA,0,NA,NA,0,NA,NA,0,NA,NA,"Educational services, Disposal services","dispose - N.D. Cent. Code Â§ 23-01-44 ( Full Title: N.D. Cent. Code Â§ 23-01-44. Syringe or needle exchange program â Authorization.), education and drug abuse - N.D. Cent. Code Â§ 23-01-44 ( Full Title: N.D. Cent. Code Â§ 23-01-44. Syringe or needle exchange program â Authorization.)",NA,"Drug abuse treatment services, HIV screening, Hepatitis screening, Sexually transmitted infections screening",referrals - N.D. Cent. Code Â§ 23-01-44 ( Full Title: N.D. Cent. Code Â§ 23-01-44. Syringe or needle exchange program â Authorization.),NA,1,pseudo exemption - N.D. Cent. Code Â§ 23-01-44 ( Full Title: N.D. Cent. Code Â§ 23-01-44. Syringe or needle exchange program â Authorization.),NA,Law exempts SSP participants,pseudo exemption - N.D. Cent. Code Â§ 23-01-44 ( Full Title: N.D. Cent. Code Â§ 23-01-44. Syringe or needle exchange program â Authorization.),NA,1,drug paraphernalia - N.D. Cent. Code Â§ 19-03.4-01 ( Full Title: N.D. Cent. Code Â§ 19-03.4-01. Drug paraphernalia.),NA,"Syringes, Injecting",drug paraphernalia - N.D. Cent. Code Â§ 19-03.4-01 ( Full Title: N.D. Cent. Code Â§ 19-03.4-01. Drug paraphernalia.),NA,1,See attached file above - SSP State Resource L... ( Full Title: SSP State Resource List),NA,0,1,1,0,0,0
ohio,OH,38.3,4251,35.9,3980,46.3,5111,39.1,4329,29.9,3310,24.6,2744,20.8,2347,13.1,0.468,62046,732117,77.9,109.7460821,11614373,105829.5,1,establish bloodborne infectious disease prevention program - Ohio Rev. Code Ann. Â§ Â§ 3707.57 ( Full Title: Ohio Rev. Code Ann. Â§ Â§ 3707.57 Permission to establish bloodborne infectious disease prevention program.),NA,Syringe exchange is explicitly authorized by state law,establish bloodborne infectious disease prevention program - Ohio Rev. Code Ann. Â§ Â§ 3707.57 ( Full Title: Ohio Rev. Code Ann. Â§ Â§ 3707.57 Permission to establish bloodborne infectious disease prevention program.),NA,0,NA,NA,1,establish bloodborne infectious disease prevention program - Ohio Rev. Code Ann. Â§ Â§ 3707.57 ( Full Title: Ohio Rev. Code Ann. Â§ Â§ 3707.57 Permission to establish bloodborne infectious disease prevention program.),NA,0,NA,NA,1,establish bloodborne infectious disease prevention program - Ohio Rev. Code Ann. Â§ Â§ 3707.57 ( Full Title: Ohio Rev. Code Ann. Â§ Â§ 3707.57 Permission to establish bloodborne infectious disease prevention program.),NA,0,NA,NA,0,NA,NA,"HIV screening, Hepatitis screening, Educational services",establish bloodborne infectious disease prevention program - Ohio Rev. Code Ann. Â§ Â§ 3707.57 ( Full Title: Ohio Rev. Code Ann. Â§ Â§ 3707.57 Permission to establish bloodborne infectious disease prevention program.),NA,Drug abuse treatment services,establish bloodborne infectious disease prevention program - Ohio Rev. Code Ann. Â§ Â§ 3707.57 ( Full Title: Ohio Rev. Code Ann. Â§ Â§ 3707.57 Permission to establish bloodborne infectious disease prevention program.),NA,1,ssp exemption - Ohio Rev. Code Ann. Â§ Â§ 3707.57 ( Full Title: Ohio Rev. Code Ann. Â§ Â§ 3707.57 Permission to establish bloodborne infectious disease prevention program.),NA,Law exempts SSP participants,ssp exemption - Ohio Rev. Code Ann. Â§ Â§ 3707.57 ( Full Title: Ohio Rev. Code Ann. Â§ Â§ 3707.57 Permission to establish bloodborne infectious disease prevention program.),NA,1,"drug paraphernalia - Ohio Rev. Code Ann. Â§ 2925.14 ( Full Title: Ohio Rev. Code Ann. Â§ 2925.14 Use, possession, or sale of drug paraphernalia; exemptions; forfeiture)",NA,"Syringes, Injecting","drug paraphernalia - Ohio Rev. Code Ann. Â§ 2925.14 ( Full Title: Ohio Rev. Code Ann. Â§ 2925.14 Use, possession, or sale of drug paraphernalia; exemptions; forfeiture)",NA,1,ssp state resource list - SSP State Resource List ( Full Title: SSP State Resource List),NA,1,1,0,0,1,0
oklahoma,OK,16.7,645,18.4,716,20.1,775,21.5,813,19,725,20.3,777,20.6,790,15.2,0.4645,51917,205559,66.2,22.01583697,3911338,177660.2,0,None,NA,NA,NA,NA,NA,NA,NA,0,NA,NA,NA,NA,NA,NA,NA,NA,NA,NA,NA,NA,NA,NA,NA,NA,NA,NA,NA,NA,0,NA,NA,NA,NA,NA,1,drug paraphernalia - Okla. Stat. tit 63 Â§ 2-101 ( Full Title: Okla. Stat. tit 63 Â§ 2-101 Definitions),NA,"Syringes, Injecting",drug paraphernalia - Okla. Stat. tit 63 Â§ 2-101 ( Full Title: Okla. Stat. tit 63 Â§ 2-101 Definitions),NA,0,ssp state resource list - SSP State Resource List ( Full Title: SSP State Resource List),"Secondary sources identify SSP in operation, but no state government or SSP website could be found to confirm existence of SSP.",0,0,0,0,0,0
oregon,OR,14,615,12.6,547,12.4,530,11.9,506,12,505,12.8,522,11.3,455,11.4,0.4583,62331,264113,81,16.20615685,4028977,248607.8,1,"drug paraphernalia - Or. Rev. Stat. Â§ 475.525 ( Full Title: Or. Rev. Stat. Â§ 475.525 Sale of drug paraphernalia prohibited; definition; exceptions), drug paraphernalia - Or. Rev. Stat. Â§ 475.525 ( Full Title: Or. Rev. Stat. Â§ 475.525 Sale of drug paraphernalia prohibited; definition; exceptions)",NA,The definition of drug paraphernalia explicitly excludes objects used for injecting drugs,"drug paraphernalia - Or. Rev. Stat. Â§ 475.525 ( Full Title: Or. Rev. Stat. Â§ 475.525 Sale of drug paraphernalia prohibited; definition; exceptions), drug paraphernalia - Or. Rev. Stat. Â§ 475.525 ( Full Title: Or. Rev. Stat. Â§ 475.525 Sale of drug paraphernalia prohibited; definition; exceptions)",NA,0,NA,NA,0,NA,NA,NA,NA,NA,NA,NA,NA,NA,NA,NA,NA,NA,NA,NA,NA,NA,NA,NA,NA,1,"drug paraphernalia - Or. Rev. Stat. Â§ 475.525 ( Full Title: Or. Rev. Stat. Â§ 475.525 Sale of drug paraphernalia prohibited; definition; exceptions), drug paraphernalia - Or. Rev. Stat. Â§ 475.525 ( Full Title: Or. Rev. Stat. Â§ 475.525 Sale of drug paraphernalia prohibited; definition; exceptions)",NA,"State does not prohibit simple possession, Law explicitly excludes objects used for injecting drugs","drug paraphernalia - Or. Rev. Stat. Â§ 475.525 ( Full Title: Or. Rev. Stat. Â§ 475.525 Sale of drug paraphernalia prohibited; definition; exceptions), drug paraphernalia - Or. Rev. Stat. Â§ 475.525 ( Full Title: Or. Rev. Stat. Â§ 475.525 Sale of drug paraphernalia prohibited; definition; exceptions), deliver drug paraphernalia - Or. Rev. Stat. Â§ 475.525 ( Full Title: Or. Rev. Stat. Â§ 475.525 Sale of drug paraphernalia prohibited; definition; exceptions)",NA,1,"drug paraphernalia - Or. Rev. Stat. Â§ 475.525 ( Full Title: Or. Rev. Stat. Â§ 475.525 Sale of drug paraphernalia prohibited; definition; exceptions), drug paraphernalia - Or. Rev. Stat. Â§ 475.525 ( Full Title: Or. Rev. Stat. Â§ 475.525 Sale of drug paraphernalia prohibited; definition; exceptions)",NA,Objects used for injecting drugs are explicitly excluded from the definition of drug paraphernalia,"drug paraphernalia - Or. Rev. Stat. Â§ 475.525 ( Full Title: Or. Rev. Stat. Â§ 475.525 Sale of drug paraphernalia prohibited; definition; exceptions), drug paraphernalia - Or. Rev. Stat. Â§ 475.525 ( Full Title: Or. Rev. Stat. Â§ 475.525 Sale of drug paraphernalia prohibited; definition; exceptions)",NA,1,ssp state resource list - SSP State Resource List ( Full Title: SSP State Resource List),NA,0,0,0,0,0,0
pennsylvania,PA,35.6,4377,36.1,4415,44.3,5388,37.9,4627,26.3,3264,21.9,2732,19.4,2426,12,0.4689,64044,832704,78.7,110.4770727,12802503,115883.8,0,None,NA,NA,NA,NA,NA,NA,NA,0,NA,NA,NA,NA,NA,NA,NA,NA,NA,NA,NA,NA,NA,NA,NA,NA,NA,NA,NA,NA,0,NA,NA,NA,NA,NA,1,drug paraphernalia - tit. 35 PA. Const. Stat. Â§ 780-102 ( Full Title: tit. 35 PA. Const. Stat. Â§ 780-102. Definitions),NA,"Syringes, Injecting",drug paraphernalia - tit. 35 PA. Const. Stat. Â§ 780-102 ( Full Title: tit. 35 PA. Const. Stat. Â§ 780-102. Definitions),NA,1,ssp state resource list - SSP State Resource List ( Full Title: SSP State Resource List),NA,0,0,0,0,0,0
rhode island,RI,29.5,307,30.1,317,31,320,30.8,326,28.2,310,23.4,247,22.4,241,10.8,0.4781,58475,64170,90.7,394.4353996,1056298,2678,1,hypodermic needles - R.I. Gen. Laws Â§ 23-11-19 ( Full Title: R.I. Gen. Laws Â§ 23-11-19. Exchange of hypodermic needles and syringes),NA,"Syringe exchange is explicitly authorized by state law, The definition of drug paraphernalia does not refer to objects used for injecting drugs","hypodermic needles - R.I. Gen. Laws Â§ 23-11-19 ( Full Title: R.I. Gen. Laws Â§ 23-11-19. Exchange of hypodermic needles and syringes), drug paraphernalia - R.I. Gen. Laws 21-28.5-1 "" ( Full Title: R.I. Gen. Laws 21-28.5-1 ""Drug paraphernalia"" defined)",NA,0,NA,NA,1,hypodermic needles - R.I. Gen. Laws Â§ 23-11-19 ( Full Title: R.I. Gen. Laws Â§ 23-11-19. Exchange of hypodermic needles and syringes),NA,0,NA,NA,0,NA,NA,0,NA,NA,0,NA,NA,"HIV screening, Educational services",hypodermic needles - R.I. Gen. Laws Â§ 23-11-19 ( Full Title: R.I. Gen. Laws Â§ 23-11-19. Exchange of hypodermic needles and syringes),NA,"Drug abuse treatment services, HIV screening, Hepatitis screening, Educational services",hypodermic needles - R.I. Gen. Laws Â§ 23-11-19 ( Full Title: R.I. Gen. Laws Â§ 23-11-19. Exchange of hypodermic needles and syringes),NA,1,sell paraphernalia - R.I. Gen. Laws Â§ 21-28.5-2 ( Full Title: R.I. Gen. Laws Â§ 21-28.5-2. Manufacture or delivery of drug paraphernalia â Penalty.),NA,"State does not prohibit simple possession, The definition of drug paraphernalia does not refer to objects used for injecting drugs","sell paraphernalia - R.I. Gen. Laws Â§ 21-28.5-2 ( Full Title: R.I. Gen. Laws Â§ 21-28.5-2. Manufacture or delivery of drug paraphernalia â Penalty.), drug paraphernalia - R.I. Gen. Laws 21-28.5-1 "" ( Full Title: R.I. Gen. Laws 21-28.5-1 ""Drug paraphernalia"" defined)",NA,1,"drug paraphernalia - R.I. Gen. Laws 21-28.5-1 "" ( Full Title: R.I. Gen. Laws 21-28.5-1 ""Drug paraphernalia"" defined)",NA,Objects used for injecting drugs are not included in the definition of drug paraphernalia,"drug paraphernalia - R.I. Gen. Laws 21-28.5-1 "" ( Full Title: R.I. Gen. Laws 21-28.5-1 ""Drug paraphernalia"" defined)",NA,1,ssp state resource list - SSP State Resource List ( Full Title: SSP State Resource List),NA,1,1,0,0,0,0
south carolina,SC,22.7,1127,22.6,1125,20.5,1008,18.1,879,15.7,761,14.4,701,13,620,13.8,0.4735,51984,266079,66.3,62.88590966,4896146,77857.6,1,paraphernalia - S.C. Code Â§ 44-53-110 ( Full Title: S.C. Code Â§ 44-53-110. Definitions.),NA,The definition of drug paraphernalia does not refer to objects used for injecting drugs,paraphernalia - S.C. Code Â§ 44-53-110 ( Full Title: S.C. Code Â§ 44-53-110. Definitions.),NA,0,NA,NA,0,NA,NA,NA,NA,NA,NA,NA,NA,NA,NA,NA,NA,NA,NA,NA,NA,NA,NA,NA,NA,1,paraphernalia - S.C. Code Â§ 44-53-110 ( Full Title: S.C. Code Â§ 44-53-110. Definitions.),NA,The definition of drug paraphernalia does not refer to objects used for injecting drugs,paraphernalia - S.C. Code Â§ 44-53-110 ( Full Title: S.C. Code Â§ 44-53-110. Definitions.),NA,1,paraphernalia - S.C. Code Â§ 44-53-110 ( Full Title: S.C. Code Â§ 44-53-110. Definitions.),NA,Objects used for injecting drugs are not included in the definition of drug paraphernalia,paraphernalia - S.C. Code Â§ 44-53-110 ( Full Title: S.C. Code Â§ 44-53-110. Definitions.),NA,1,ssp state resource list - SSP State Resource List ( Full Title: SSP State Resource List),NA,0,0,0,0,0,0
south dakota,SD,10.5,86,6.9,57,8.5,73,8.4,69,8.4,65,7.8,63,6.9,55,11.9,0.4495,68582,60810,56.7,4.372145398,858469,196349.6,0,None,NA,NA,NA,NA,NA,NA,NA,0,NA,NA,NA,NA,NA,NA,NA,NA,NA,NA,NA,NA,NA,NA,NA,NA,NA,NA,NA,NA,0,NA,NA,NA,NA,NA,1,"drug paraphernalia possess - S.D. Codified Laws Â§ 22-42 ( Full Title: S.D. Codified Laws Â§ 22-42A-3. Use or possession of drug paraphernalia as misdemeanor), drug paraphernalia deliver - S.D. Codified Laws Â§ 22-42 ( Full Title: S.D. Codified Laws Â§ 22-42A-4. Delivery of drug paraphernalia as felony)",NA,"Syringes, Injecting",drug paraphernalia - S.D. Codified Laws Â§ 22-42 ( Full Title: S.D. Codified Laws Â§ 22-42A-1. Drug paraphernalia defined),NA,0,ssp state resource list - SSP State Resource List ( Full Title: SSP State Resource List),NA,0,0,0,0,0,0
tennessee,TN,31.2,2089,27.5,1823,26.6,1776,24.5,1630,22.2,1457,19.5,1269,18.1,1187,13.9,0.479,59571,411689,66.4,61.80159403,6600299,106798.2,1,hypodermic syringe exchange program - Tenn. Rev. Stat. Â§ 68-1-136 ( Full Title: Tenn. Rev. Stat. Â§ 68-1-136. Needle and hypodermic syringe exchange programs),NA,Syringe exchange is explicitly authorized by state law,hypodermic syringe exchange program - Tenn. Rev. Stat. Â§ 68-1-136 ( Full Title: Tenn. Rev. Stat. Â§ 68-1-136. Needle and hypodermic syringe exchange programs),NA,1,knowingly possess - Tenn. Rev. Stat. Â§ 39-17-418 ( Full Title: Tenn. Rev. Stat. Â§ 39-17-418. Simple possession; casual exchange),"residue is exempt for ""(B) Residual amounts of a controlled substance contained in a used needle, used hypodermic syringe, or used injection supplies obtained from or returned to a program established pursuant to this section,"" but not generally.",1,hypodermic syringe exchange program - Tenn. Rev. Stat. Â§ 68-1-136 ( Full Title: Tenn. Rev. Stat. Â§ 68-1-136. Needle and hypodermic syringe exchange programs),NA,0,NA,NA,0,NA,NA,0,NA,NA,0,NA,NA,"Drug abuse treatment services, Educational services, Disposal services",provide - Tenn. Rev. Stat. Â§ 68-1-136 ( Full Title: Tenn. Rev. Stat. Â§ 68-1-136. Needle and hypodermic syringe exchange programs),NA,"Drug abuse treatment services, Naloxone services",provide - Tenn. Rev. Stat. Â§ 68-1-136 ( Full Title: Tenn. Rev. Stat. Â§ 68-1-136. Needle and hypodermic syringe exchange programs),NA,1,"drug paraphernalia possess - Tenn. Rev. Stat. Â§ 39-17-425 ( Full Title: Tenn. Rev. Stat. Â§ 39-17-425. Drug paraphernalia), exception - Tenn. Rev. Stat. Â§ 68-1-136 ( Full Title: Tenn. Rev. Stat. Â§ 68-1-136. Needle and hypodermic syringe exchange programs)",NA,"Law exempts SSP participants, Law provides immunity for individuals who disclose possession of syringes to police officers prior to search","drug paraphernalia possess - Tenn. Rev. Stat. Â§ 39-17-425 ( Full Title: Tenn. Rev. Stat. Â§ 39-17-425. Drug paraphernalia), exception - Tenn. Rev. Stat. Â§ 68-1-136 ( Full Title: Tenn. Rev. Stat. Â§ 68-1-136. Needle and hypodermic syringe exchange programs), law enforcement search - Tenn. Rev. Stat. Â§ 40-7-124 ( Full Title: Tenn. Rev. Stat. Â§ 40-7-124. Searches and seizures; presence of hypodermic needles or sharp objects)",NA,1,drug paraphernalia possess - Tenn. Rev. Stat. Â§ 39-17-425 ( Full Title: Tenn. Rev. Stat. Â§ 39-17-425. Drug paraphernalia),NA,Injecting,drug paraphernalia means - Tenn. Rev. Stat. Â§ 39-17-402 ( Full Title: Tenn. Rev. Stat. Â§ 39-17-402. Definitions; Schedules),NA,1,ssp state resource list - SSP State Resource List ( Full Title: SSP State Resource List),NA,0,1,1,1,0,0
texas,TX,10.8,3136,10.4,3005,10.5,2989,10.1,2831,9.4,2588,9.7,2601,9.3,2446,13.6,0.48,66818,1950359,84.7,40.59948169,27469114,676587.8,0,None,NA,NA,NA,NA,NA,NA,NA,0,NA,NA,NA,NA,NA,NA,NA,NA,NA,NA,NA,NA,NA,NA,NA,NA,NA,NA,NA,NA,0,NA,NA,NA,NA,NA,1,possess  - Tex. Health and Safety Code Â§ 481.125 ( Full Title: Tex. Health and Safety Code Â§ 481.125. Offense: Possession or Delivery of Drug Paraphernalia),NA,"Syringes, Injecting",drug paraphernalia means equipment - Tex. Health and Safety Code Â§ 481.002 ( Full Title: Tex. Health and Safety Code Â§ 481.002. Definitions),NA,0,ssp state resource list - SSP State Resource List ( Full Title: SSP State Resource List),"Secondary sources identify SSP in operation, but no state government or SSP website could be found to confirm existence of SSP.",0,0,0,0,0,0
utah,UT,18.9,571,21.2,624,22.3,650,22.4,635,23.4,646,22.4,603,22.1,594,8.9,0.4063,65061,212855,90.6,14.07728998,2995919,212819.3,1,"syringe exceptions - Utah Code Â§ 58-37a-5 ( Full Title: Utah Code Â§ 58-37a-5. Unlawful acts), syringe exchange program - Utah Code Â§ 26-7-8 ( Full Title: Utah Code Â§ 26-7-8. Syringe exchange and education)",NA,Syringe exchange is explicitly authorized by state law,"syringe exchange program - Utah Code Â§ 26-7-8 ( Full Title: Utah Code Â§ 26-7-8. Syringe exchange and education), syringe exceptions - Utah Code Â§ 58-37a-5 ( Full Title: Utah Code Â§ 58-37a-5. Unlawful acts)","Utah has a specific exemption for a person being ""charged with the distribution of hypodermic syringes as drug paraphernalia if at the time of sale or distribution the syringes are in a sealed sterile package and are for a legitimate medical purpose"" which includes ""the prevention of disease transmission."" Utah Code Â§ 58-37a-5.",0,NA,NA,1,syringe exchange program - Utah Code Â§ 26-7-8 ( Full Title: Utah Code Â§ 26-7-8. Syringe exchange and education),NA,0,NA,NA,0,NA,NA,0,NA,NA,0,NA,NA,Educational services,services - Utah Code Â§ 26-7-8 ( Full Title: Utah Code Â§ 26-7-8. Syringe exchange and education),NA,"Drug abuse treatment services, HIV screening, Hepatitis screening, Naloxone services",services - Utah Code Â§ 26-7-8 ( Full Title: Utah Code Â§ 26-7-8. Syringe exchange and education),NA,1,"syringe possession exception - Utah Code Â§ 58-37a-5 ( Full Title: Utah Code Â§ 58-37a-5. Unlawful acts), syringe exceptions - Utah Code Â§ 58-37a-5 ( Full Title: Utah Code Â§ 58-37a-5. Unlawful acts)",NA,"Law provides exception if the syringe is unused and is in a sealed, sterile package",syringe possession exception - Utah Code Â§ 58-37a-5 ( Full Title: Utah Code Â§ 58-37a-5. Unlawful acts),"Syringe possession is allowed if the  syringe ""is unused and is in a sealed sterile package."" Utah Code Â§ 58-37a-5.(5)(b).",1,drug paraphernalia possess - Utah Code Â§ 58-37a-5 ( Full Title: Utah Code Â§ 58-37a-5. Unlawful acts),NA,"Syringes, Injecting",drug paraphernalia means - Utah Code Â§ 58-37a-3. â ( Full Title: Utah Code Â§ 58-37a-3. âDrug paraphernaliaâ defined),NA,1,ssp state resource list - SSP State Resource List ( Full Title: SSP State Resource List),NA,0,1,0,0,0,0
vermont,VT,23.8,133,26.6,153,23.2,134,22.2,125,16.7,99,13.9,83,15.1,93,10.2,0.4539,56119,36089,38.9,26.22505959,626042,23871.9,1,"statewide harm reduction coalition - Vt. Stat. tit. 18 Â§ 4478 ( Full Title: Vt. Stat. tit. 18 Â§ 4478. Needle exchange programs), sells drug paraphernalia - Vt. Stat. tit. 18 Â§ 4476 ( Full Title: Vt. Stat. tit. 18 Â§ 4476. Offenses and penalties)",NA,"Syringe exchange is explicitly authorized by state law, State law does not prohibit the free distribution of drug paraphernalia","statewide harm reduction coalition - Vt. Stat. tit. 18 Â§ 4478 ( Full Title: Vt. Stat. tit. 18 Â§ 4478. Needle exchange programs), sells drug paraphernalia - Vt. Stat. tit. 18 Â§ 4476 ( Full Title: Vt. Stat. tit. 18 Â§ 4476. Offenses and penalties)",NA,0,NA,NA,1,statewide harm reduction coalition - Vt. Stat. tit. 18 Â§ 4478 ( Full Title: Vt. Stat. tit. 18 Â§ 4478. Needle exchange programs),NA,0,NA,NA,0,NA,NA,0,NA,NA,0,NA,NA,None,NA,NA,None,NA,NA,1,organized community-based needle exchange program - Vt. Stat. tit. 18 Â§ 4476 ( Full Title: Vt. Stat. tit. 18 Â§ 4476. Offenses and penalties),NA,State does not prohibit simple possession,organized community-based needle exchange program - Vt. Stat. tit. 18 Â§ 4476 ( Full Title: Vt. Stat. tit. 18 Â§ 4476. Offenses and penalties),NA,1,term drug paraphernalia means - Vt. Stat. tit. 18 Â§ 4475 ( Full Title: Vt. Stat. tit. 18 Â§ 4475. Definitions),NA,Injecting,term drug paraphernalia means - Vt. Stat. tit. 18 Â§ 4475 ( Full Title: Vt. Stat. tit. 18 Â§ 4475. Definitions),NA,1,ssp state resource list - SSP State Resource List ( Full Title: SSP State Resource List),NA,0,0,0,0,0,0
virginia,VA,18.3,1547,17.1,1448,17.9,1507,16.7,1405,12.4,1039,11.7,980,10.2,854,9.9,0.4705,67920,586250,75.5,81.96233621,8382993,102278.6,1,declared public health emergency - Va. Code Â§ 32.1-45.4 ( Full Title: Va. Code Â§ 32.1-45.4 Comprehensive harm reduction programs),NA,Syringe exchange is explicitly authorized by state law,declared public health emergency - Va. Code Â§ 32.1-45.4 ( Full Title: Va. Code Â§ 32.1-45.4 Comprehensive harm reduction programs),Va. Code Â§ 32.1-45.4 states that syringe exchange authorization is contingent on the declaration of a public health emergency,0,NA,NA,1,declared public health emergency - Va. Code Â§ 32.1-45.4 ( Full Title: Va. Code Â§ 32.1-45.4 Comprehensive harm reduction programs),NA,0,NA,NA,0,NA,NA,0,NA,NA,0,NA,NA,"Drug abuse treatment services, Educational services, Naloxone services, Disposal services",administration - Va. Code Â§ 32.1-45.4 ( Full Title: Va. Code Â§ 32.1-45.4 Comprehensive harm reduction programs),NA,None,NA,NA,0,NA,NA,NA,NA,NA,1,possess controlled paraphernalia - Va. Code Â§ 54.1-3466 ( Full Title: Va. Code Â§ 54.1-3466. Possession or distribution of controlled paraphernalia; definition of controlled paraphernalia; evidence; exceptions),NA,"Syringes, Injecting",term drug paraphernalia means - Va. Code Â§ 18.2-265.1 ( Full Title: Va. Code Â§ 18.2-265.1. Definition),NA,1,ssp state resource list - SSP State Resource List ( Full Title: SSP State Resource List),NA,0,1,1,1,0,1
washington,WA,15.8,1259,14.8,1164,15.2,1169,14.5,1102,14.7,1094,13.3,979,13.4,969,9.8,0.4591,85852,661520,84,41.65897437,7170351,172120.2,1,community based hiv prevention programs - Wash. Rev. Code Â§ 69.50.4121 ( Full Title: Wash. Rev. Code Â§ 69.50.4121. Drug paraphernalia âSelling or giving âPenalty),NA,Syringe exchange is explicitly authorized by state law,community based hiv prevention programs - Wash. Rev. Code Â§ 69.50.4121 ( Full Title: Wash. Rev. Code Â§ 69.50.4121. Drug paraphernalia âSelling or giving âPenalty),NA,0,NA,NA,1,community based hiv prevention programs - Wash. Rev. Code Â§ 69.50.4121 ( Full Title: Wash. Rev. Code Â§ 69.50.4121. Drug paraphernalia âSelling or giving âPenalty),NA,0,NA,NA,0,NA,NA,0,NA,NA,0,NA,NA,None,NA,NA,None,NA,NA,1,reducing blood-borne diseases - Wash. Rev. Code Â§ 69.50.412 ( Full Title: Wash. Rev. Code Â§ 69.50.412. Prohibited acts: E --Penalties),NA,Law exempts SSP participants,reducing blood-borne diseases - Wash. Rev. Code Â§ 69.50.412 ( Full Title: Wash. Rev. Code Â§ 69.50.412. Prohibited acts: E --Penalties),The law allows any person over the age of eighteen to possess sterile hypodermic syringes and needles for the purpose of reducing blood-borne diseases. Wash. Rev. Code Â§ 69.50.412(5).,1,drug paraphernalia possess - Wash. Rev. Code Â§ 69.50.412 ( Full Title: Wash. Rev. Code Â§ 69.50.412. Prohibited acts: E --Penalties),NA,"Syringes, Injecting",drug paraphernalia means - Wash. Rev. Code Â§ 69.50.102 ( Full Title: Wash. Rev. Code Â§ 69.50.102.  Drug paraphernalia --Definitions),NA,1,ssp state resource list - SSP State Resource List ( Full Title: SSP State Resource List),NA,0,0,0,0,0,0
west virginia,WV,52.8,870,51.5,856,57.8,974,52,884,41.5,725,35.5,627,32.2,570,16,0.4711,47833,85799,48.7,29.62069193,1844128,62258.1,1,"Drug Paraphernalia Definition - W. Va. Code Â§ 47-19-3 ( Full Title: W. Va. Code Â§ 47-19-3. Drug paraphernalia defined), Drug Paraphernalia Businesses - W. Va. Code Â§ 60A-4-403a ( Full Title: W. Va. Code Â§ 60A-4-403a. Prohibition of illegal drug paraphernalia businesses; definitions; places deemed common and public nuisances; abatement; suit to abate nuisances; injunction; search warrants; forfeiture of property; penalties)",NA,State law does not prohibit the free distribution of drug paraphernalia,Drug Paraphernalia Businesses - W. Va. Code Â§ 60A-4-403a ( Full Title: W. Va. Code Â§ 60A-4-403a. Prohibition of illegal drug paraphernalia businesses; definitions; places deemed common and public nuisances; abatement; suit to abate nuisances; injunction; search warrants; forfeiture of property; penalties),NA,0,NA,NA,0,NA,NA,NA,NA,NA,NA,NA,NA,NA,NA,NA,NA,NA,NA,NA,NA,NA,NA,NA,NA,1,Drug Paraphernalia Businesses - W. Va. Code Â§ 60A-4-403a ( Full Title: W. Va. Code Â§ 60A-4-403a. Prohibition of illegal drug paraphernalia businesses; definitions; places deemed common and public nuisances; abatement; suit to abate nuisances; injunction; search warrants; forfeiture of property; penalties),NA,State does not prohibit simple possession,Drug Paraphernalia Businesses - W. Va. Code Â§ 60A-4-403a ( Full Title: W. Va. Code Â§ 60A-4-403a. Prohibition of illegal drug paraphernalia businesses; definitions; places deemed common and public nuisances; abatement; suit to abate nuisances; injunction; search warrants; forfeiture of property; penalties),NA,1,Drug Paraphernalia Businesses - W. Va. Code Â§ 60A-4-403a ( Full Title: W. Va. Code Â§ 60A-4-403a. Prohibition of illegal drug paraphernalia businesses; definitions; places deemed common and public nuisances; abatement; suit to abate nuisances; injunction; search warrants; forfeiture of property; penalties),NA,"Syringes, Injecting",Drug Paraphernalia Definition - W. Va. Code Â§ 47-19-3 ( Full Title: W. Va. Code Â§ 47-19-3. Drug paraphernalia defined),NA,1,ssp state resource list - SSP State Resource List ( Full Title: SSP State Resource List),NA,0,0,0,0,0,0
wisconsin,WI,21.1,1201,19.2,1079,21.2,1177,19.3,1074,15.5,878,15.1,853,15,856,10.4,0.4498,61690,363586,70.2,41.14489629,5771337,140268.6,1,drug paraphernalia excludes - Wis.Stat. Â§ 961.571 ( Full Title: Wis.Stat. Â§ 961.571. Definitions),NA,The definition of drug paraphernalia explicitly excludes objects used for injecting drugs,drug paraphernalia excludes - Wis.Stat. Â§ 961.571 ( Full Title: Wis.Stat. Â§ 961.571. Definitions),NA,0,NA,NA,0,NA,NA,NA,NA,NA,NA,NA,NA,NA,NA,NA,NA,NA,NA,NA,NA,NA,NA,NA,NA,1,drug paraphernalia excludes - Wis.Stat. Â§ 961.571 ( Full Title: Wis.Stat. Â§ 961.571. Definitions),NA,Law explicitly excludes objects used for injecting drugs,drug paraphernalia excludes - Wis.Stat. Â§ 961.571 ( Full Title: Wis.Stat. Â§ 961.571. Definitions),NA,1,drug paraphernalia possession - Wis. Stat. Â§ 961.573 ( Full Title: Wis. Stat. Â§ 961.573. Possession of drug paraphernalia),NA,Objects used for injecting drugs are explicitly excluded from the definition of drug paraphernalia,drug paraphernalia excludes - Wis.Stat. Â§ 961.571 ( Full Title: Wis.Stat. Â§ 961.571. Definitions),NA,1,ssp state resource list - SSP State Resource List ( Full Title: SSP State Resource List),NA,0,0,0,0,0,0
wyoming,WY,14.1,79,11.1,66,12.2,69,17.6,99,16.4,96,19.4,109,17.2,98,10.1,0.436,71420,41199,64.8,2.330726127,586107,251469.7,0,None,NA,NA,NA,NA,NA,NA,NA,0,NA,NA,NA,NA,NA,NA,NA,NA,NA,NA,NA,NA,NA,NA,NA,NA,NA,NA,NA,NA,1,"drug paraphernalia - Wyo. Stat. Â§ 35-7-1056 ( Full Title: Wyo. Stat. Â§ 35-7-1056. Delivery of, or possession with intent to deliver, drug paraphernalia)",NA,State does not prohibit simple possession,"drug paraphernalia - Wyo. Stat. Â§ 35-7-1056 ( Full Title: Wyo. Stat. Â§ 35-7-1056. Delivery of, or possession with intent to deliver, drug paraphernalia)",NA,1,"drug paraphernalia - Wyo. Stat. Â§ 35-7-1056 ( Full Title: Wyo. Stat. Â§ 35-7-1056. Delivery of, or possession with intent to deliver, drug paraphernalia)",NA,Injecting,drug paraphernalia means - Wyo. Stat. Â§35-7-1002 ( Full Title: Wyo. Stat. Â§35-7-1002. Definitions),NA,0,ssp state resource list - SSP State Resource List ( Full Title: SSP State Resource List),NA,0,0,0,0,0,0
